id,avg_rating,total_ratings,std_dev,last_rated
2,3.4018691588785046,107,0.8807138301648417,1470073353
5,3.267857142857143,56,0.9485121636939214,1471385747
6,3.8846153846153846,104,0.8309275704499349,1471386884
11,3.6890243902439024,82,0.8945660507479914,1462947988
12,2.861111111111111,18,1.108862102968035,1448813887
13,3.9375,8,0.9797047660246574,1470167166
14,3.4516129032258065,31,0.7784047652054962,1352656620
15,2.3181818181818183,11,0.9020179397530649,1462635671
16,3.9488636363636362,88,0.8776921564085594,1471386880
17,3.9244186046511627,86,0.9283680870546767,1462744286
18,3.2884615384615383,26,1.1846778205324597,1471388600
19,2.597826086956522,92,1.0798838216785085,1471387811
20,2.5384615384615383,13,1.2659242088545835,1471578972
24,3.0441176470588234,34,1.1439408695437354,1462644086
25,3.742574257425743,101,1.0807725509702275,1442495673
27,3.142857142857143,7,0.6900655593423543,993089400
28,4.083333333333333,18,0.8089572082044157,1387829869
35,3.5454545454545454,11,0.8201995322647243,974843294
38,2.0,2,1.4142135623730951,1019227804
55,3.3333333333333335,6,1.2110601416389966,974842510
58,4.0,45,1.0280166252635128,1437001711
59,4.0,2,1.4142135623730951,1048091888
62,3.689655172413793,87,0.8965093136597909,1460811099
64,2.4,10,0.6992058987801009,995233119
65,2.025,20,1.251052188738491,1325550979
66,2.0,5,1.224744871391589,1019133230
69,3.8181818181818183,22,0.7162311170195085,1351544454
70,3.0208333333333335,48,1.1296691915200234,1471383662
71,2.4285714285714284,7,1.6438920136009396,1439581733
73,4.115384615384615,13,0.9607689228305228,1451527890
74,3.026315789473684,19,0.9497614351118554,1463337048
76,3.3333333333333335,15,0.6986381310057719,1183518573
77,4.0,2,0.0,974715861
78,3.2,10,0.9189365834726815,974842547
80,4.625,4,0.47871355387816894,1055274300
81,3.25,18,0.9739247464587322,1151120724
82,3.8,10,1.0327955589886448,1460811588
83,3.0,3,0.0,898008016
85,4.0625,16,0.6800735254367721,1155485539
87,1.6666666666666667,3,1.1547005383792517,980176907
88,2.891304347826087,23,0.8784868413555108,1471385106
89,3.4411764705882355,17,0.7045023274707932,1462644085
95,3.1774193548387095,93,0.8896908393488822,1462639100
96,1.0,1,,891532936
98,3.0,1,,1406172306
99,2.75,4,2.06155281280883,980194873
100,3.4285714285714284,21,0.9258200997725515,976420764
101,3.8823529411764706,17,0.8009644921262483,1467007782
103,4.0,4,0.816496580927726,974844826
104,3.2925531914893615,94,1.0935037267270964,1475806221
105,3.1145833333333335,48,1.0118425542592724,1356316532
107,3.462962962962963,27,1.0088638499848568,1296202861
111,4.22457627118644,118,0.9095820812378914,1471384449
113,3.2,5,0.8366600265340756,976421014
114,3.0,1,,857379668
116,4.75,6,0.4183300132670378,1135940972
117,3.0,6,1.2649110640673518,1344427521
121,3.8,5,0.447213595499958,974832475
122,3.0526315789473686,19,0.6644700654177412,1391353786
123,4.0,7,0.816496580927726,1238950945
129,3.0,1,,995232528
135,3.0,27,1.176696810829104,1335899920
137,1.0,1,,974840424
140,3.4782608695652173,23,0.7902568752334617,1439584906
141,3.5806451612903225,93,0.9620243674618969,1462639009
146,4.333333333333333,3,0.5773502691896257,980174717
147,3.642857142857143,21,0.8823669466675577,1471383839
148,4.0,1,,1012605106
149,4.333333333333333,6,0.8164965809277259,1075142933
150,3.9025,200,0.7695484220433089,1475783700
152,3.8333333333333335,3,0.2886751345948129,1165292250
153,2.7829457364341086,129,1.0016489553955326,1471385581
154,3.8125,16,0.8341662504161466,1434332315
155,3.0555555555555554,9,0.8079466429027216,1062016035
157,2.375,8,1.1877349391654206,1143503629
158,2.8706896551724137,58,1.070171099730377,1462638823
162,4.136363636363637,33,0.9704439003035485,1386031529
163,3.515873015873016,63,0.8658775800394368,1471386088
164,3.5576923076923075,26,0.7256297000112809,1156127872
166,3.0,4,1.8257418583505538,1344179650
167,4.0,1,,836137550
168,3.116279069767442,43,0.8649057841776039,1462640061
172,2.5729166666666665,48,0.9999445906634843,1462644086
173,2.5642857142857145,70,1.0212291137112726,1462638554
174,2.25,4,0.9574271077563381,1114307200
176,3.7777777777777777,18,1.0178151661369075,1467005072
177,2.8846153846153846,13,1.2608503439122305,1470720332
178,4.7,5,0.6708203932499369,1344184508
179,3.5,6,1.0488088481701516,1440271840
180,3.3068181818181817,44,0.8505532337147769,1471387310
183,5.0,1,,974715995
184,4.5,2,0.7071067811865476,974715756
185,3.1029411764705883,102,0.871263550668427,1471385505
186,2.875,48,0.8088605066072494,1321811967
187,2.8333333333333335,3,0.7637626158259734,1058472448
189,4.0,1,,974838288
193,2.3142857142857145,35,1.2781288844941074,1391346544
194,4.291666666666667,24,0.440273301155254,1439584823
195,3.2142857142857144,14,0.8017837257372732,1050499745
199,3.3333333333333335,3,0.5773502691896258,1111367950
200,4.0,1,,907381306
201,4.0,1,,845746347
204,3.0,31,1.0327955589886446,1471385757
205,4.0,4,0.816496580927726,1156207528
207,3.375,28,0.7152440660879852,1405201255
213,4.222222222222222,9,0.97182531580755,1048091840
214,3.0,2,1.4142135623730951,1033345241
215,3.7222222222222223,18,1.1659661762602749,1456039608
216,3.0238095238095237,42,1.2588824939467629,1471386037
217,2.7142857142857144,7,0.7559289460184544,1049683476
218,3.3333333333333335,15,0.816496580927726,1018682944
219,4.25,4,0.5,1011317486
223,3.963302752293578,109,0.9663467430807252,1471385880
225,3.173076923076923,52,0.938734104769297,1150487447
227,3.15625,16,1.0601690116832,1114307190
228,2.0,1,,986009538
231,3.1107594936708862,158,1.1491112845743219,1471385154
232,4.208333333333333,24,0.7058246282166001,1385069940
235,3.9038461538461537,78,1.0001872951475763,1468758651
236,3.3583333333333334,60,0.8591070781639578,1370072069
237,3.1911764705882355,34,1.051800086736968,1166586251
238,3.0,5,1.224744871391589,980177182
239,2.933333333333333,15,1.237316604977231,1462947510
240,3.4,5,1.140175425099138,974844797
241,3.5,4,1.9148542155126762,974840300
242,3.75,4,0.5,958004753
243,4.0,1,,845745917
244,3.0,1,,974790987
245,3.0,1,,947292322
247,3.6511627906976742,43,1.0664520825132222,1434028372
248,3.1538461538461537,13,0.8987170342729172,993347710
250,3.25,4,1.707825127659933,1467005164
251,3.0,1,,844687985
252,3.0609756097560976,41,0.902739732364896,1296197360
253,3.396,125,0.9252201133052157,1471384714
255,2.2,5,1.6431676725154984,980195812
258,2.5,11,0.9746794344808963,1470720392
259,3.7,5,0.4472135954999579,1138732383
261,3.715686274509804,51,0.8015915541021144,1371773230
266,3.4863013698630136,73,1.0136999156682787,1446663797
267,2.730769230769231,13,0.9919548170024474,1448814317
268,4.25,4,0.4999999999999999,879520881
274,2.6666666666666665,3,0.5773502691896258,1234227686
275,2.8,5,1.0954451150103321,955091783
278,3.0,5,1.224744871391589,976422760
279,2.875,4,2.0155644370746373,1106433903
280,4.113636363636363,22,0.7226244855982582,1111982190
281,3.861111111111111,18,0.9822775987702008,1320640472
285,4.0,1,,832523436
287,3.2,5,0.8366600265340756,974837615
288,3.336448598130841,107,0.9683084378561863,1471383679
289,3.4642857142857144,14,1.008889063701824,1105649274
290,3.9375,16,0.873212459828649,1339234496
291,2.0,6,0.8944271909999159,974844797
292,3.309090909090909,110,0.9696822003323396,1471387885
293,4.071969696969697,132,0.8518784267937228,1471383382
294,3.3333333333333335,3,0.5773502691896258,854714394
296,4.256172839506172,324,0.8668966291892319,1476478551
300,3.75,90,0.7870082734456547,1417930730
302,3.7142857142857144,7,0.48795003647426655,974841654
303,3.1875,24,0.6886107627743671,1257610311
306,4.171875,32,0.9385075231279408,1444531218
308,4.159090909090909,22,0.7462025072446365,1395773670
313,2.7142857142857144,7,1.3801311186847085,1462644085
314,3.9411764705882355,17,1.2976222599091636,1460811701
319,3.973684210526316,38,1.0063807807982874,1471383906
321,3.642857142857143,7,1.0293317295817757,1112892286
326,4.071428571428571,7,0.9322272357358042,1296194633
329,3.3508771929824563,114,1.017392608238455,1473445099
330,2.7,10,0.8232726023485646,1471386819
331,3.0,6,0.6324555320336759,976421239
332,3.2,10,0.6324555320336759,1471386607
335,3.0,3,1.0,997938391
337,3.7954545454545454,88,0.8893894445725293,1468471074
338,2.8,15,1.2218253323847656,1439585068
339,3.4405940594059405,101,0.8896266877541142,1462638715
340,3.0,8,1.1952286093343936,1049685213
343,3.0,1,,845745671
345,3.75,48,0.9675588936937934,1327288678
346,3.0,6,0.0,1039388921
348,3.9375,40,0.8179673054716263,1340411787
350,3.3285714285714287,70,0.756065877266026,1260704788
363,4.5,5,0.7071067811865476,1359647327
364,3.7775,200,0.8920327134186532,1471386114
377,3.566666666666667,180,0.8959873303174468,1473801974
378,3.25,12,1.0552897060221726,1440270420
379,3.261904761904762,21,0.9030372032625181,1462640338
380,3.515151515151515,198,0.909494603491092,1473258331
387,3.6666666666666665,3,0.5773502691896258,991862830
388,3.6666666666666665,6,0.816496580927726,1440029042
389,4.0,1,,948577776
390,4.1,5,0.8944271909999161,1471384063
391,3.0,3,0.0,974715224
392,2.6666666666666665,3,2.0816659994661326,974711164
393,2.1,5,1.02469507659596,1154110171
408,3.0,1,,898007989
409,2.5,1,,1255501745
414,2.5,7,0.6454972243679028,1296190297
421,3.0,11,1.1832159566199232,980175435
423,3.392857142857143,14,1.0034281896917845,1139003970
424,3.0,3,1.3228756555322954,1111610567
426,3.1666666666666665,12,0.8348471099367218,1093887714
429,2.5555555555555554,9,1.4240006242195884,1465955324
431,3.671875,32,0.7992877373616927,1471386891
433,2.857142857142857,7,0.8997354108424372,991862789
436,2.2,5,1.3038404810405297,1029869519
438,3.0,2,0.0,994729891
439,1.0,1,,1039390474
440,3.561111111111111,90,0.7488859807972816,1462639919
441,3.6621621621621623,37,0.8502781738778039,1471683093
442,2.968421052631579,95,1.0231639661753784,1471385499
451,3.4285714285714284,7,1.2724180205607036,974810752
453,2.4,5,0.8944271909999159,946276519
454,3.4727272727272727,110,0.7980376265426429,1471385082
455,2.838709677419355,31,0.8601075201604502,1462639665
464,3.111111111111111,9,0.7817359599705717,973376368
466,3.169491525423729,59,0.9852803272179979,1471386435
470,2.0,3,1.0,1111612047
475,4.209677419354839,31,0.6803699183579853,1385070155
476,4.0,1,,991858087
480,3.7062043795620436,274,0.9170734080386719,1473258322
482,2.85,10,1.5994790818680102,1429168457
483,2.75,4,2.0615528128088303,1029870119
488,3.125,4,0.8539125638299666,1344179382
489,2.625,12,0.9799118698777317,1093022107
490,3.4285714285714284,14,0.646206172658864,1051643301
492,3.738095238095238,21,0.9568051998584615,1471384852
493,3.3043478260869565,23,0.8358328785053347,1270253740
494,3.4754098360655736,61,0.8535525247858541,1469161737
496,2.6666666666666665,3,0.5773502691896258,974778561
497,3.9833333333333334,60,0.9158059646954432,1296197502
500,3.4673202614379086,153,0.9277753574347021,1471386330
501,4.1,15,1.137038760490223,1367466511
504,3.2,5,0.44721359549995787,1044651233
505,2.7142857142857144,7,0.9511897312113418,974838491
506,3.111111111111111,9,1.0540925533894598,979261660
507,3.5,17,0.7071067811865476,1470896986
508,3.6686046511627906,86,0.8997073547623171,1475783671
509,3.75,78,1.1216580954626427,1452848603
510,2.3,5,1.3038404810405297,1255593983
512,3.5,2,0.7071067811865476,974709378
521,3.6,10,1.1737877907772674,974844684
522,2.8333333333333335,9,1.224744871391589,1255850852
524,3.5555555555555554,36,0.9839989676081821,1331379485
526,1.0,1,,974843320
527,4.30327868852459,244,0.8820509607283071,1475783261
531,3.564516129032258,31,0.8731354942950432,1331379483
533,3.3333333333333335,6,0.5163977794943222,1019124632
534,4.2,25,0.6454972243679027,976420061
535,3.8846153846153846,26,0.9198662110077999,1296193365
542,2.736842105263158,19,1.1470786693528088,1471387575
544,2.611111111111111,9,1.1118053386771944,1114309144
546,1.7352941176470589,17,1.0475812477265118,1334342420
547,3.0,5,1.224744871391589,974839511
549,4.125,12,0.8822749519900759,1307172985
550,3.272727272727273,11,1.1037127426019044,1440269836
551,3.65,90,1.115392811342939,1476551142
553,3.482456140350877,57,0.8912516894429077,1314895467
554,3.0,2,0.0,956685834
558,2.6666666666666665,9,1.224744871391589,1049684826
559,5.0,1,,898111329
561,3.0,1,,974712445
562,3.716666666666667,30,0.9439766702747417,1460811237
563,3.0,1,,834694187
564,3.0,1,,945365440
567,4.0,2,1.4142135623730951,974843463
568,3.5,2,0.7071067811865476,939420702
571,4.0,1,,974714165
574,3.3333333333333335,9,1.0,1141391972
577,2.0,2,1.4142135623730951,979179509
580,3.0,3,1.7320508075688772,974841420
581,4.235294117647059,17,0.7729336780010528,1344180055
582,4.0,1,,857380394
585,3.073170731707317,41,1.1211655520581922,1470719734
586,3.112403100775194,129,1.0063088299524705,1471385180
587,3.3253968253968256,126,1.0436809096988606,1462946890
588,3.6744186046511627,215,0.9489524532508221,1473258320
590,3.717821782178218,202,0.9565585120555158,1462638291
592,3.3979591836734695,196,0.7644645643326811,1471383567
594,3.6619718309859155,71,0.9884137648898573,1462634611
595,3.75,176,0.9396047801374485,1470073702
596,3.5833333333333335,66,0.9429223531673028,1462948585
597,3.360544217687075,147,0.8695422999415087,1462637992
599,4.035714285714286,14,1.0645382840658002,1344188994
600,4.0,1,,907381025
603,3.0,1,,898008162
606,2.75,6,1.08397416943394,1471386806
608,4.256696428571429,224,0.887102289735268,1475784300
609,3.107142857142857,14,0.7384644001776053,1264547562
612,2.6666666666666665,6,1.0327955589886446,1039390716
613,3.5,13,0.9128709291752769,1228789330
614,1.5,2,0.7071067811865476,1029869863
615,3.5,2,0.7071067811865476,984560713
616,3.4642857142857144,42,0.9588665637657902,1470167200
617,1.0,1,,1029870119
619,2.125,4,1.3149778198382918,1061481899
620,3.25,2,1.0606601717798212,1296199712
621,3.3333333333333335,3,2.0816659994661326,1029870367
627,3.3333333333333335,9,0.7071067811865475,1460811735
628,3.88,50,0.7182745765700879,1439584168
630,3.5,2,0.7071067811865476,1460811831
632,4.5,2,0.7071067811865476,939461599
637,2.7586206896551726,29,0.9785255823282988,1296201316
638,4.0,1,,850021377
639,3.2,5,0.4472135954999579,974837231
640,3.3333333333333335,18,0.48507125007266594,974843463
650,3.1875,8,0.9977653603356423,1460811772
651,1.0,1,,1024928544
653,3.1129032258064515,62,1.1177383298821706,1470166428
661,3.6320754716981134,53,0.7975379385491663,1462639563
662,3.111111111111111,9,1.4529663145135578,1049683325
663,3.411764705882353,17,1.227743027337753,1156207579
664,3.5,2,0.7071067811865476,974711403
665,3.4,5,1.140175425099138,1172909323
667,3.6666666666666665,3,1.5275252316519468,867073883
668,4.0,4,0.9128709291752769,1307174641
670,3.1666666666666665,3,1.8929694486000914,1166035850
671,4.03030303030303,33,0.738869427099965,1268782761
673,2.68,50,1.2403093754941852,1467005800
674,2.6904761904761907,21,1.1233453440081382,1217951064
679,4.0,1,,886375736
680,3.9166666666666665,6,1.0206207261596576,1437106441
681,3.0,1,,898110771
687,3.0,2,0.0,845746928
688,2.45,10,0.83166499665831,1088058610
691,3.357142857142857,7,0.6267831705280087,1062015338
694,2.85,10,1.1067971810589328,1470720292
695,4.0,2,0.0,974791183
697,3.3333333333333335,3,1.1547005383792517,1018682762
698,3.0,1,,828214012
700,3.142857142857143,7,0.6900655593423541,1228921289
702,5.0,1,,1437005446
703,3.0,1,,855190606
704,3.0,6,1.4142135623730951,1470720380
707,3.111111111111111,27,0.9022763235852773,1340415854
708,3.401639344262295,61,0.9478909577369976,1460811571
709,2.875,12,1.0028368851322822,1462644085
710,1.5,2,0.7071067811865476,957795351
711,3.2222222222222223,9,1.2018504251546631,947401564
714,3.5454545454545454,11,1.5403659541574113,1435786318
745,4.193548387096774,62,1.061065188235803,1442146219
746,2.0,1,,1076968846
747,2.75,2,1.0606601717798212,1448814498
753,3.5,5,0.5,1058472578
754,3.6666666666666665,3,0.5773502691896258,993091533
755,2.0,1,,941458348
756,3.0,1,,848161539
757,4.0,1,,958825872
760,3.3333333333333335,3,1.5275252316519468,1046739825
762,2.4615384615384617,39,1.2321601452253603,1391351878
764,5.0,1,,842356896
765,2.8055555555555554,18,1.152221497406192,1425644109
767,4.0,1,,990239999
769,3.0,1,,939691164
782,3.3333333333333335,6,0.5163977794943222,1049683439
783,3.357142857142857,49,1.0103629710818451,1462638693
784,2.5508474576271185,59,1.0491988538643764,1471385159
786,3.108695652173913,69,1.0213513439433741,1471385526
788,3.0808823529411766,68,0.9167198750088122,1471386602
793,4.0,1,,898111123
800,4.071428571428571,35,0.7778444682625973,1183519437
801,3.2083333333333335,12,0.7821396449755148,1216050212
803,4.25,2,0.3535533905932738,1054450008
804,2.892857142857143,14,0.8809647558778393,1145756452
808,3.25,2,0.3535533905932738,1143758689
809,2.75,4,0.5,1114309361
810,2.0,8,0.8864052604279183,1462644085
813,2.6666666666666665,3,1.5275252316519468,962170599
816,3.0,1,,886373716
818,2.607142857142857,14,0.9441840479925068,1178981107
820,5.0,1,,898111061
824,3.0,3,1.0,1076968814
829,1.0,7,0.0,1271760557
830,3.1346153846153846,26,0.8192397977111746,1296198094
837,3.6666666666666665,18,0.7071067811865476,1462639375
838,3.817073170731707,41,0.8642633970683911,1389721548
839,3.272727272727273,11,1.169693044427391,1344177458
840,3.5,2,0.7071067811865476,974837992
841,3.7142857142857144,7,0.5669467095138409,1433899252
842,2.3333333333333335,3,0.5773502691896257,1471386386
844,3.0,1,,848161552
845,5.0,1,,955011276
846,4.0,3,0.0,974714461
848,3.4545454545454546,11,1.0357254813546264,1460811636
849,2.6964285714285716,28,1.242304353135779,1353689992
850,4.5,4,0.9999999999999999,958825110
854,4.0,1,,898110739
858,4.4875,200,0.7043252945926443,1471383286
861,3.5,12,0.6396021490668312,1446663924
865,4.0,1,,958825618
866,3.8703703703703702,27,0.946578784893997,1298861687
867,3.0,1,,841064894
879,3.3,5,0.9746794344808963,1145394704
880,2.38,25,1.120639698267616,1308938892
881,3.0,4,1.1547005383792515,974837853
888,3.6666666666666665,3,0.5773502691896258,974790987
889,4.0,1,,948602270
891,2.2222222222222223,9,1.092906420717,1447176249
892,3.7857142857142856,7,0.6986381310057718,1306108929
897,3.625,4,1.1086778913041726,1097697224
898,4.351351351351352,37,0.8808523717972843,1340404896
899,4.1953125,64,0.9024533910490184,1460342587
900,3.9545454545454546,22,0.8578640544577769,1371783550
902,3.590909090909091,44,0.9780897808740857,1459405325
903,4.22463768115942,69,0.7837327345131663,1471383421
905,4.38,25,0.6171169527191207,1340405502
907,4.090909090909091,11,0.943879807448539,1048536602
909,3.803030303030303,33,1.1105980507379933,1359306830
910,3.946969696969697,66,1.0456090896211492,1449941745
911,4.111111111111111,27,0.8006407690254357,1469222899
913,4.387096774193548,62,0.6800395048716985,1416119525
914,3.6470588235294117,51,1.054960272460811,1455532924
916,4.019230769230769,26,0.9537375868735513,1467006035
918,3.5714285714285716,14,1.1069212823298344,1340409271
920,4.044117647058823,68,0.9763444389991323,1471385324
921,3.9,20,0.8522416262267903,1340412442
924,3.886178861788618,123,1.1213520237592018,1471383448
926,4.434210526315789,38,0.7549033644221833,1470350981
927,4.5,5,0.7071067811865475,1098942545
929,3.8,5,0.4472135954999579,1112053099
931,3.8125,16,0.9105858919765156,1148672493
934,3.5833333333333335,24,0.816496580927726,1405201296
935,4.083333333333333,6,0.8010409893798609,1055278619
938,3.8181818181818183,11,0.9558432735738447,1147998775
941,3.875,4,0.6291528696058958,1379198203
942,3.8846153846153846,26,0.8038369524685005,1470351101
944,3.0,3,1.0,977755742
946,4.3,10,0.8232726023485646,1296193059
947,3.6818181818181817,11,0.8447700063546075,1340409159
948,3.590909090909091,11,0.7687061147858074,1148721097
949,3.59375,16,0.898494110535326,1340405089
950,4.205882352941177,17,0.9529366376072009,1361245321
951,4.211538461538462,26,0.8505654227991744,1467008836
953,4.152777777777778,72,0.762865654135629,1467005515
954,4.225806451612903,31,0.6562355989203289,1340405189
955,4.066666666666666,30,0.9976985009764098,1470166886
956,3.1666666666666665,3,1.4433756729740645,1062015764
957,4.0,1,,971215907
963,3.0,2,0.0,1296197724
964,2.5,2,0.7071067811865476,1012594627
965,3.84375,16,0.6511208285205852,1340404823
966,4.0,1,,855194498
976,3.0,2,1.4142135623730951,978041189
982,3.0,4,1.4142135623730951,960838890
984,4.5,2,0.7071067811865476,1439586161
986,3.5357142857142856,14,0.9295219142177279,1462644085
987,3.0,1,,940013699
990,2.5,1,,1154110089
991,3.5,12,0.7977240352174656,1228798783
996,3.25,8,0.7559289460184544,1218567324
1018,3.4,10,0.9368979548370131,1470168987
1023,4.088235294117647,17,0.7122871199007254,1239656893
1024,3.25,4,0.5,1047071395
1040,4.0,1,,953102941
1049,3.619047619047619,21,0.6874729431905284,1291777310
1050,3.5555555555555554,9,1.3096861371251425,1165546697
1051,3.0,7,0.816496580927726,1093224789
1073,3.7533783783783785,148,0.9715276938602874,1471383670
1088,3.358490566037736,53,1.044110582535746,1462638479
1089,4.162878787878788,132,0.8593806844280275,1475737107
1090,3.9338235294117645,68,0.7818100494800219,1436923492
1091,2.6296296296296298,27,0.9863744080897846,1471386494
1103,3.9375,40,0.7777968556878774,1436924020
1114,3.1666666666666665,3,0.28867513459481287,1344188347
1123,4.0,2,1.4142135623730951,959938850
1124,3.607142857142857,28,0.9656809424130118,1340415859
1125,3.4107142857142856,28,1.2251498126727456,1328935470
1162,3.6,5,1.51657508881031,1022959270
1164,1.0,1,,1029870040
1213,4.202290076335878,131,0.8315384859824555,1475784311
1245,3.8518518518518516,27,1.04527154012371,1344186826
1246,3.7842105263157895,95,0.947147541751265,1469162099
1248,4.2368421052631575,19,0.6533762964749499,1338008487
1249,3.91025641025641,39,0.6675938222235024,1446663500
1250,4.138461538461539,65,0.7208268489407468,1467004757
1251,3.825,20,1.2903997748555942,1467009776
1252,4.3355263157894735,76,0.7974465829330383,1471385869
1255,3.5416666666666665,12,1.2873216263610932,1433899361
1257,3.8125,24,1.0406154115630848,1361246755
1266,3.8859649122807016,57,0.9354980714058205,1467004906
1267,4.122448979591836,49,0.875182196774489,1460811016
1268,3.4705882352941178,17,0.7998161553463027,1159125417
1271,3.7,40,1.054903082193105,1462639964
1273,3.736842105263158,19,1.1591234841301372,1471578840
1278,4.087837837837838,74,0.8249454448882279,1473235397
1281,4.043478260869565,23,0.8907739673281686,1437001355
1282,3.7578125,64,0.9839674609892921,1462638483
1283,4.119047619047619,21,0.6690433824641325,1470168552
1365,3.6,5,1.5165750888103102,1111367994
1366,3.9615384615384617,13,0.7762500258061849,1328935666
1367,2.9594594594594597,37,1.0366772398869863,1470719755
1369,2.5,2,0.7071067811865476,974844566
1370,3.287878787878788,66,0.9448671296927905,1475783716
1371,3.0531914893617023,47,1.0592965393065645,1414188053
1372,3.265957446808511,47,1.1365999249754546,1414188036
1374,3.75,72,0.8599050062177274,1448175350
1375,3.314814814814815,54,0.9871643030852635,1414188037
1378,3.25,28,0.9953596037316065,1471385606
1379,2.8214285714285716,14,1.1702587297283857,1145389852
1380,3.477777777777778,90,1.0491063910420826,1468926782
1381,2.4473684210526314,19,1.153433724461508,1352654614
1389,1.7916666666666667,12,0.9404624909956254,1167421357
1391,2.99375,80,1.1037730171632758,1471386091
1392,3.375,8,0.9161253813129043,1133735646
1405,3.032608695652174,46,0.9568592948521363,1471386213
1406,3.25,4,1.707825127659933,974840609
1408,3.616279069767442,43,1.0225854796167035,1398567944
1411,4.16,25,0.8981462390204987,1296198166
1413,3.5,4,1.2909944487358056,1075587876
1414,3.7,10,0.9486832980505139,976426295
1415,3.5,2,0.7071067811865476,974710334
1416,3.1818181818181817,22,0.9825314068099632,1371772431
1417,2.0,1,,898008658
1422,3.1,15,0.8493695140682713,1462635638
1427,3.2,5,0.4472135954999579,973440862
1428,5.0,1,,948731410
1429,3.6538461538461537,13,1.1616191175936175,1245880728
1430,2.5,1,,1111544609
1433,3.0,1,,945367279
1440,3.0,4,0.0,991862789
1441,3.375,28,0.6328214305496954,1434333065
1480,3.5833333333333335,6,1.0206207261596574,1086093488
1483,3.2777777777777777,9,1.034139470499238,1471386788
1487,3.1875,8,0.9234059624177068,1119491588
1493,4.0,1,,974844094
1495,1.0,2,0.0,991857762
1497,2.8333333333333335,3,0.7637626158259733,1439581777
1498,3.0,7,1.0,1046739486
1499,2.017857142857143,28,1.1261384598209185,1462635399
1523,4.0,2,0.0,980135256
1535,3.8,5,0.4472135954999579,976425576
1537,3.9722222222222223,18,0.97727445453011,1391346781
1541,2.875,16,1.1618950038622249,1156128355
1542,3.8,5,1.0954451150103321,1128634023
1544,2.888059701492537,67,0.8911215929105436,1475783815
1546,2.5,2,2.1213203435596424,997938322
1550,3.0,1,,974838259
1552,3.26271186440678,59,1.1038956574074452,1471385515
1554,3.3333333333333335,6,1.505545305418162,1234090134
1555,4.0,1,,1012598916
1562,2.148936170212766,47,1.1605606479526687,1462638485
1571,1.0,1,,1029870084
1572,4.166666666666667,3,1.0408329997330665,1277429999
1573,3.4518072289156625,83,1.0780924262136804,1473258409
1580,3.663157894736842,190,0.9054277987486727,1476550351
1581,2.0,5,1.224744871391589,974838545
1584,3.7282608695652173,92,1.0066074113823051,1475784351
1586,2.759259259259259,27,1.0594843663344553,1462639793
1587,3.3333333333333335,24,1.1000658741803746,1354044863
1588,3.088235294117647,17,1.202020358054085,1462639993
1589,3.3947368421052633,19,0.7374684055082001,1232809334
1590,2.9565217391304346,23,1.521908516829063,1462644087
1592,2.7857142857142856,7,1.2863754913561998,1296190286
1593,2.7857142857142856,7,0.5669467095138409,1097514793
1595,1.8333333333333333,3,1.8929694486000912,1255586362
1597,3.352272727272727,44,0.9249735725611707,1462639443
1599,1.75,4,0.9574271077563382,1255589046
1600,2.125,4,1.4361406616345072,1062015842
1619,3.4473684210526314,19,0.9558988911273406,1438024517
1621,3.0,2,0.0,1090907709
1623,2.3,5,0.9746794344808963,1094227828
1624,4.0,1,,948140224
1627,2.8636363636363638,11,1.026910636104941,1344186108
1632,2.5,1,,1111544629
1633,3.375,8,0.5175491695067657,1012604993
1636,1.0,2,0.0,1039390106
1639,3.5692307692307694,65,1.0638848441154058,1393890848
1641,3.7734375,64,0.9082063585345237,1314895327
1642,2.375,4,1.4930394055974097,1259726072
1643,4.05,10,0.49721446300587674,1098943956
1646,2.5714285714285716,7,0.9759000729485332,1019128658
1648,3.1666666666666665,9,1.3693063937629153,1220050526
1649,3.8333333333333335,6,1.1690451944500122,1296194115
1653,3.6785714285714284,84,0.9171815692550016,1464121589
1654,3.5,2,0.7071067811865476,980177141
1665,3.25,8,0.3779644730092272,1452851869
1667,2.75,8,0.8864052604279182,1049684733
1669,4.0,1,,941457092
1672,3.6666666666666665,15,0.48795003647426655,1296201597
1680,3.6923076923076925,26,1.1838658967714464,1435790608
1683,3.75,10,1.2304019216861166,1148222180
1688,3.6818181818181817,22,0.7798878818298873,1462639448
1689,3.2916666666666665,12,1.096654692759537,1465880892
1690,3.033333333333333,45,0.9851165136442215,1462644087
1694,3.8125,16,0.8341662504161466,997938879
1701,3.5,16,1.0954451150103321,1296201760
1702,2.90625,16,0.9868932735272509,1462644086
1713,2.5,16,1.0488088481701516,1328935634
1715,3.0,1,,974713786
1722,3.2857142857142856,49,0.924211375534118,1471521496
1726,1.9285714285714286,7,1.0177004891982149,1462644087
1729,3.692982456140351,57,0.9342414128820558,1471385855
1730,3.9,5,0.7416198487095664,1143758654
1734,3.8461538461538463,13,1.0875165781229763,1342849917
1735,2.933333333333333,15,1.5220600075774497,1296203174
1771,5.0,1,,974709378
1772,3.1333333333333333,15,1.245945806357946,1359308554
1777,3.2357142857142858,70,1.0485373821766901,1471384772
1779,2.736842105263158,19,0.7882544191057644,1462639482
1788,4.25,4,0.5,957894505
1791,3.25,4,0.9574271077563381,1309492910
1792,3.3636363636363638,22,0.7895420339517227,1462640042
1807,2.25,2,1.0606601717798212,1093028022
1809,4.0,4,0.9128709291752769,1168658352
1812,3.0,2,0.0,974832548
1816,2.5,4,1.4719601443879744,1465881179
1819,5.0,1,,1029869519
1824,3.0,3,2.0,959733966
1826,0.75,2,0.3535533905932738,1304136788
1831,2.1346153846153846,26,1.2046384711413818,1462639731
1833,2.727272727272727,11,1.009049958219026,1462644085
1834,3.9130434782608696,23,0.7927537436201203,1296201706
1835,3.391304347826087,23,1.021991390943219,1462946838
1836,2.888888888888889,9,1.3642254619787417,1471384112
1844,4.0,3,0.0,974712924
1852,3.0,1,,913680547
1858,3.4166666666666665,6,0.917423929634859,1470720028
1859,5.0,2,0.0,997938834
1865,3.1666666666666665,6,1.1690451944500122,982553042
1873,3.6538461538461537,13,0.8752289077867806,1452828466
1878,3.0,1,,904377138
1880,4.0,2,0.0,1093889528
1882,2.1785714285714284,28,0.9926982096537372,1475783741
1883,3.2903225806451615,31,1.188656058667288,1296198554
1884,3.625,44,1.0950469884789162,1471383643
1885,3.6666666666666665,24,1.090140264874869,1440269649
1887,2.6666666666666665,6,1.2110601416389966,1303006760
1891,2.0,1,,974710228
1892,3.260869565217391,23,1.0646122343304938,1462640427
1895,3.0714285714285716,14,0.9972489631508747,1469330584
1900,3.7,5,0.758287544405155,1283508886
1902,1.0,2,0.0,1029870161
1903,4.5,2,0.7071067811865476,1439586120
1904,3.875,4,0.8539125638299665,1075142949
1907,3.607142857142857,42,0.9405221323993929,1476478454
1909,3.223404255319149,47,1.0310848583889154,1437709512
1913,3.7857142857142856,7,0.9940297973880049,1307178387
1917,3.0442477876106193,113,1.1812476797480873,1475783809
1918,3.0595238095238093,42,1.121858111068641,1462948509
1919,4.0,2,0.0,945369146
1921,3.7375,40,0.8622235714589848,1471578878
1923,3.5528455284552845,123,1.0593320818088696,1471384774
1924,3.5555555555555554,9,1.1303883305208782,1344177647
1927,4.285714285714286,14,0.9346798241250175,1318706984
1931,4.25,10,0.7905694150420949,1228786974
1934,4.166666666666667,9,0.8291561975888498,1340407464
1936,4.0,4,0.7071067811865476,1379733828
1939,4.636363636363637,11,0.8090398349558904,1340409916
1941,4.416666666666667,6,0.6645800679125629,1148728751
1942,4.333333333333333,6,0.816496580927726,1296190479
1945,4.448275862068965,29,0.5565330754226642,1470166613
1946,4.208333333333333,12,0.6556860852757532,1148669538
1947,3.988888888888889,45,0.9383792173506166,1467003819
1948,4.458333333333333,12,0.498102459947811,1090533331
1949,3.6,10,0.7378647873726218,1296193045
1950,3.909090909090909,22,0.8815079563204615,1413103827
1951,3.5714285714285716,14,0.7559289460184544,1219474926
1954,3.789855072463768,69,1.0994844951875016,1467004796
1955,3.838709677419355,31,0.6375355777548621,1441892391
1956,3.8870967741935485,31,0.9193265417263774,1166587036
1957,3.9404761904761907,42,0.9703053388695706,1467093986
1965,3.6875,32,0.922391701834369,1431232609
1966,3.5833333333333335,12,1.2401124093721454,1296194125
1967,3.625,36,0.9053412931833259,1462634704
1968,3.982905982905983,117,0.8065775502286571,1471384579
1969,2.6875,8,1.2799972098183876,1471386584
1970,2.6,5,1.140175425099138,1112679242
1976,2.1666666666666665,6,1.4719601443879744,1471385657
1979,2.25,4,0.9574271077563381,1471385700
1985,2.2,5,1.3509256086106296,1471385501
1987,2.5,4,1.2909944487358056,981313848
1988,3.0,2,0.0,1019023369
1989,2.0,1,,974710127
1990,3.0,1,,974710071
1991,2.95,10,0.9846036991827953,1471385171
1993,2.0,4,0.816496580927726,1434332492
1994,3.723684210526316,38,0.7506516846286608,1464751442
1995,2.375,8,0.7440238091428449,1471385570
1996,1.75,4,0.9574271077563381,1012751093
1997,3.7265625,64,1.0687839384753388,1475806206
1999,2.6666666666666665,3,0.5773502691896257,974709245
2001,3.210526315789474,57,0.8234691881056622,1471385306
2005,3.676470588235294,51,1.052727549804624,1471384649
2007,2.0,1,,976423243
2009,3.4705882352941178,17,0.9095085938862486,1462644086
2011,3.4797979797979797,99,0.9972390250371783,1476550420
2013,3.1785714285714284,28,0.9048663264720755,1296198189
2014,3.1666666666666665,15,0.8997354108424372,1405975561
2015,3.263157894736842,19,0.8227396822782537,1470169003
2016,2.5,4,0.5773502691896257,991862830
2017,3.142857142857143,7,0.8997354108424375,1119491602
2018,3.4558823529411766,34,1.1103346960511058,1462639012
2019,4.277777777777778,54,0.7989773337674944,1466850987
2020,3.926470588235294,34,0.8715395029310723,1379040745
2021,3.0833333333333335,30,1.0834438493584444,1411452543
2022,3.423076923076923,13,1.0963225241337864,1344185873
2023,3.4,35,1.069634352037566,1353700541
2026,3.2,5,1.3038404810405297,1019023410
2028,3.945026178010471,191,0.9978207171238886,1475783269
2034,3.2222222222222223,9,0.6666666666666667,1044651203
2039,3.5,1,,1062622431
2042,2.75,10,1.2527746981977423,1471385602
2043,3.5625,8,0.9038607667745545,1199574304
2044,2.25,4,0.5,974837201
2045,3.4,5,0.5477225575051662,1054069631
2046,3.823529411764706,17,0.705805755648027,1462644086
2047,4.0,1,,974839862
2048,3.875,4,0.6291528696058959,1055278612
2054,2.7434210526315788,76,0.8962641762807497,1471385472
2055,4.0,1,,974838427
2056,3.5,1,,1199391553
2057,3.75,4,0.28867513459481287,1199391556
2058,3.621212121212121,33,0.910273851568024,1469161713
2059,3.2222222222222223,18,1.087661039086954,1471386612
2062,2.0,2,1.4142135623730951,954685379
2067,3.659090909090909,22,1.0163703350691902,1296198682
2069,3.7777777777777777,9,0.8333333333333334,1016317111
2071,3.75,8,1.2817398889233114,995233734
2074,4.0,1,,960052576
2084,2.9375,8,1.1475906437899734,1371781792
2085,3.3780487804878048,41,1.0048662087865108,1469163184
2086,5.0,1,,949896114
2088,2.54,25,0.9565563234854497,1245880740
2097,3.75,6,0.758287544405155,1234089620
2100,3.1634615384615383,52,0.8785078361059437,1462640137
2105,3.478723404255319,47,0.9380683599389724,1470169326
2107,3.2,10,0.9189365834726815,1344470388
2108,3.6923076923076925,39,0.8782112847878606,1340414708
2109,3.696078431372549,51,0.9903455526862784,1361246769
2110,3.3666666666666667,15,0.8121107126025426,1127475491
2112,3.2941176470588234,17,1.0467035087808378,1077052122
2114,3.652173913043478,23,0.8974051305733918,1409004206
2115,3.7653061224489797,98,0.8561604581299126,1475783793
2116,3.4210526315789473,19,0.8860517588144867,1409004096
2117,3.923076923076923,13,0.7865047638697069,1435788573
2118,3.7,20,0.8944271909999159,1433899452
2119,3.0,6,1.4142135623730951,1156128256
2122,2.3181818181818183,11,0.9020179397530649,1471385255
2123,3.15,10,0.944281031614353,1462948541
2124,3.2857142857142856,35,0.7304884977726557,1471386307
2125,3.75,28,0.9953596037316064,1462639405
2134,3.138888888888889,36,0.7802116115068773,1471387354
2140,3.6785714285714284,28,0.873628933373611,1462644086
2142,3.25,12,0.9885710532241612,1328935649
2149,2.0,2,1.4142135623730951,1016317773
2151,3.7,5,1.0368220676663862,1139003454
2152,2.25,2,1.7677669529663689,1285961948
2153,2.1538461538461537,13,1.2646576510498697,1405975484
2155,3.3,10,0.8232726023485647,1156207519
2160,3.736111111111111,36,0.9818794740635439,1471384570
2161,3.3026315789473686,38,0.9763381232276602,1462639138
2163,3.1666666666666665,9,0.6123724356957945,1106708140
2164,1.0,2,0.0,1255589018
2168,3.375,4,1.1086778913041726,1106708143
2171,3.875,4,0.25,1106432907
2176,3.8333333333333335,12,0.8616404368553294,1470166829
2200,4.0,1,,1109970440
2202,4.363636363636363,11,0.8090398349558906,1133042768
2204,4.166666666666667,3,0.2886751345948129,1127474873
2207,4.0,1,,1061363552
2210,4.0,1,,1296194093
2241,2.8333333333333335,6,0.752772652709081,974837509
2252,3.5384615384615383,13,0.9887184141928897,1337593722
2253,2.75,20,1.0450384027191988,1467005018
2255,2.4,5,1.140175425099138,974838026
2262,2.7058823529411766,17,0.985184366143778,1090909315
2263,3.375,8,0.9161253813129043,1051712464
2266,2.6666666666666665,6,0.816496580927726,991862309
2267,4.5,4,0.5773502691896258,1029869914
2268,3.861842105263158,76,0.8854327913908403,1475784363
2269,2.7,15,0.9023778112773575,1465881227
2275,3.1666666666666665,3,1.8929694486000912,1244826643
2280,3.5,5,0.5,1471388894
2287,3.5,6,1.51657508881031,1156128214
2288,3.9242424242424243,33,0.7917663414126287,1465389579
2289,4.204545454545454,44,0.7178632847278468,1361244842
2290,3.25,8,1.2817398889233114,981313410
2291,3.848314606741573,89,0.8373541066346155,1476551039
2295,4.0,2,0.0,1112206404
2297,3.0384615384615383,13,1.0299987552892655,1416151493
2300,4.212121212121212,33,0.8199685877205815,1467009172
2313,3.857142857142857,28,0.8591246929842248,1433900016
2320,2.75,4,0.9574271077563381,1090907722
2321,3.625,64,0.9085135251589957,1467003359
2322,3.0,7,0.7637626158259734,1462635583
2330,4.666666666666667,3,0.5773502691896257,1097437092
2334,3.34375,16,0.8508574106942558,1469330601
2348,3.4545454545454546,11,1.3684762594679063,1344181361
2355,3.6095238095238096,105,0.9224261289501525,1471386374
2357,4.318181818181818,11,0.6431456783935998,1283435971
2360,3.3636363636363638,11,1.450705157688996,1437001370
2370,3.3333333333333335,3,1.1547005383792517,974839176
2383,1.7083333333333333,12,1.3048568945104728,1366390956
2395,3.963235294117647,68,0.9155219393451477,1471384669
2428,2.590909090909091,22,1.0649878563622845,1462639780
2433,3.1578947368421053,19,1.0678721258619788,1296198797
2436,3.5,8,0.9258200997725515,1094221909
2441,3.0,2,0.0,1021099595
2447,2.923076923076923,13,1.204957707524657,1471387450
2453,3.2857142857142856,7,1.0745984853711197,1077114283
2455,3.393617021276596,47,1.0050750037595395,1452851582
2469,3.3181818181818183,22,0.9579921282290986,1440269763
2486,3.0,1,,942343676
2487,3.0,1,,982597968
2501,4.1,35,0.8116794499134277,1469754171
2539,3.2450980392156863,51,0.8739138917514003,1465880194
2565,3.380952380952381,21,0.7229239570100355,1405201348
2566,3.0,1,,945369439
2575,3.7222222222222223,9,0.9052317076000179,1148672184
2587,2.6,5,1.140175425099138,1019460299
2609,3.5,2,0.7071067811865476,1168658443
2610,3.5,4,0.5773502691896257,986694704
2612,3.7777777777777777,9,1.092906420717,1296195210
2616,2.6296296296296298,27,1.0339672717684631,1471386476
2617,3.2848101265822787,79,0.9462596553170556,1475783850
2620,4.333333333333333,3,0.5773502691896257,1049683701
2621,3.375,4,0.47871355387816905,1097698076
2625,4.0,1,,1044651633
2637,4.0,1,,949292128
2639,3.4,10,1.07496769977314,996875902
2642,2.2708333333333335,24,0.9666073195175628,1359306821
2649,5.0,1,,949292196
2652,4.5,2,0.7071067811865476,955313017
2655,3.0,1,,974709972
2662,3.361111111111111,18,1.0117770557081813,1379197476
2668,3.0,10,1.2472191289246473,1044651160
2669,3.3333333333333335,3,0.5773502691896258,1031528981
2671,3.3828125,64,0.9829587159700997,1462638027
2687,3.625,28,1.0507933510765408,1462638504
2690,4.25,20,0.6386663736585051,1439589086
2701,2.0319148936170213,47,0.8993007870801201,1462638329
2722,2.573529411764706,34,1.0160257761969493,1472698650
2728,3.9210526315789473,19,0.7685331969757723,1411876466
2748,2.7,5,0.6708203932499369,1106704855
2749,4.0,5,0.0,1018060206
2752,4.0,5,1.0,1116477478
2755,3.5,2,2.1213203435596424,981313642
2757,3.857142857142857,7,1.0690449676496976,1067732247
2758,4.0,1,,940795870
2759,3.0681818181818183,22,1.1881904463496313,1348543309
2761,3.7738095238095237,42,0.9512660431157697,1469163419
2762,4.018134715025907,193,0.9387117959863969,1476552557
2767,1.5,2,0.7071067811865476,1029870161
2769,2.3333333333333335,6,0.816496580927726,1047028966
2770,3.0686274509803924,51,0.9798959528599823,1292402332
2771,2.0,4,0.816496580927726,1046966868
2779,3.642857142857143,21,0.72702917999997,1249808373
2786,2.5,2,0.7071067811865476,974838026
2787,3.25,8,0.8864052604279185,1433901571
2788,4.090909090909091,22,0.7009579098219746,1435787256
2789,2.4,5,0.5477225575051661,1434332483
2800,3.0,1,,974839911
2832,3.0,1,,939358747
2882,2.1666666666666665,6,1.1690451944500122,1012593044
2898,3.5,2,0.7071067811865476,974709336
2900,3.0,3,0.0,1464508137
2907,3.0,6,1.4142135623730951,1052835680
2912,3.764705882352941,17,0.9539006607546905,1141003791
2924,4.583333333333333,6,0.3763863263545405,1427170200
2925,4.214285714285714,7,0.9063269671749659,1467006816
2928,3.6666666666666665,3,0.5773502691896258,1016317885
2959,4.178217821782178,202,0.8741283032976787,1476478390
2972,2.5,2,2.1213203435596424,1017534788
2977,3.0,2,1.4142135623730951,959224101
2978,3.1875,8,0.9977653603356423,1436920187
2981,5.0,1,,975143535
2984,5.0,1,,978469131
2998,4.0,1,,966518787
3010,4.5,2,0.7071067811865476,1437005142
3021,5.0,1,,974709972
3024,3.6666666666666665,3,1.1547005383792515,1019133161
3028,2.75,4,1.2583057392117916,1061362402
3033,3.6206896551724137,58,0.928639567246636,1471386161
3034,3.7586206896551726,29,0.9601031348540896,1469163197
3035,4.411764705882353,17,0.6183469424008422,1340404164
3036,4.0,4,1.4142135623730951,1296730204
3040,3.4166666666666665,6,0.917423929634859,1471387515
3053,2.8,10,1.0327955589886444,1228113377
3055,3.5,2,0.7071067811865476,965861707
3060,3.9285714285714284,21,0.7791937224739797,1139002753
3061,3.590909090909091,11,0.6252272314199782,1437425865
3062,4.090909090909091,11,0.6640098575390964,1209553890
3063,3.4285714285714284,7,0.9759000729485332,974844649
3075,3.5,5,0.5,1433899246
3078,3.75,2,0.3535533905932738,1140049829
3082,3.138888888888889,36,0.9607371508460953,1452848679
3083,4.2,20,0.894427190999916,1437001508
3089,4.043478260869565,23,0.8779242496606939,1467006194
3090,3.1666666666666665,6,1.6020819787597222,1029870161
3093,3.0714285714285716,7,1.096531327587567,1340404281
3101,3.673469387755102,49,0.9160093499805014,1361244178
3103,3.0,3,1.0,976421122
3109,4.0,1,,956687893
3110,3.6666666666666665,3,0.5773502691896258,980176341
3117,3.5,4,0.5773502691896257,978110441
3121,3.5,1,,1090114983
3127,2.8333333333333335,6,0.752772652709081,1086094522
3134,4.208333333333333,12,1.2695441797127125,1437001465
3175,3.5076923076923077,65,0.9621440400720436,1470071355
3176,3.5,66,1.059753236879663,1446493152
3179,3.227272727272727,11,1.2116855277595,1218402473
3309,4.25,2,0.3535533905932738,1296197635
3432,1.0,1,,975419431
3469,4.541666666666667,12,0.4981024599478109,1199573572
3484,2.6363636363636362,11,1.0509735746180562,1465880417
3489,3.116279069767442,43,1.1010666327655154,1467005858
3512,3.5526315789473686,19,1.116725581059113,1440267003
3515,3.4,5,0.8944271909999159,1041115586
3525,3.4,5,0.5477225575051662,1051712250
3529,3.611111111111111,9,0.9930312739844154,1340404350
3536,3.5,18,1.0981267472114393,1433944735
3543,3.977272727272727,22,0.8518505447843246,1385958141
3547,3.375,4,1.7017148213885116,1112315770
3554,3.6666666666666665,3,0.5773502691896258,1255506079
3563,1.5,2,0.7071067811865476,992838474
3574,0.75,2,0.3535533905932738,1255588780
3577,3.5,4,1.0801234497346435,1465954636
3580,5.0,1,,960919546
3591,3.3055555555555554,18,0.9570003517254392,1245880791
3594,3.75,12,0.8118441408859887,1371781275
3596,1.0,1,,1044272089
3598,3.8333333333333335,6,1.1690451944500122,1127473228
3600,3.25,4,0.49999999999999994,1012595000
3604,3.8,5,0.8366600265340756,1047071382
3635,3.75,22,0.8556534679079243,1359306870
3638,3.5652173913043477,23,0.9688834697039747,1352832755
3681,3.7857142857142856,14,0.5447047794019222,1470896634
3682,2.7142857142857144,7,1.1126972805283737,1112268566
3683,4.291666666666667,24,0.5882299658752715,1471579053
3763,3.4285714285714284,21,0.9654754565201836,1183518579
3766,3.3333333333333335,3,0.5773502691896258,1046144468
3870,3.0,1,,1012605559
3877,2.8,5,0.8366600265340756,1054069056
3933,0.5,1,,1191614594
3980,3.25,14,1.1223258816472979,1429911363
3981,2.4166666666666665,12,1.2216481663818934,1469754268
3989,4.1,5,0.7416198487095663,1183860154
4011,4.036842105263158,95,0.8969276912408655,1475737199
4012,2.5,4,0.9128709291752769,1116099972
4031,2.375,4,0.47871355387816905,1151812061
4104,0.75,2,0.3535533905932738,1116477808
4105,3.6458333333333335,24,0.6990547448032121,1470074548
4108,4.0,1,,980609692
4133,3.3333333333333335,3,1.5275252316519468,1054068986
4141,3.75,2,0.3535533905932738,1447366672
4148,3.0606060606060606,33,1.1842559356879412,1453400929
4169,4.5,1,,1112389930
4174,3.8,5,0.8366600265340756,1156206943
4201,5.0,1,,986655015
4203,2.125,4,1.0307764064044151,1086094470
4232,2.7857142857142856,14,1.2966567322613496,1462634605
4233,2.5,1,,1062524267
4234,3.1666666666666665,6,0.408248290463863,1085639848
4235,4.183333333333334,30,0.636305789280016,1475737258
4251,4.0,3,0.0,1272668173
4267,3.3333333333333335,3,0.5773502691896258,1148778637
4271,3.3333333333333335,3,2.0816659994661326,1307174778
4281,3.0,1,,1022958314
4296,2.75,4,0.8660254037844386,1218567084
4326,4.090909090909091,11,0.6252272314199782,1340406306
4327,3.8214285714285716,14,0.7747739833491605,1470168577
4347,3.5,1,,1132179511
4368,2.0,4,1.7795130420052185,1447778309
4415,3.5,1,,1255506563
4437,4.125,4,0.6291528696058958,1457597545
4442,5.0,1,,1044651840
4464,3.6,5,0.5477225575051661,1111558237
4477,1.0,1,,1028111080
4478,3.5833333333333335,6,0.8010409893798611,1116477357
4480,3.0,4,0.816496580927726,1471386631
4483,2.5,4,1.8708286933869707,1227968531
4486,2.5,3,1.5,1077115149
4488,2.875,4,0.6291528696058958,1370057531
4499,3.4761904761904763,21,1.3083977842784518,1471387229
4515,3.25,2,0.3535533905932738,1342849666
4518,4.75,2,0.3535533905932738,1344178630
4523,3.5,2,0.7071067811865476,1123001336
4538,1.0,1,,1029869771
4543,3.0,1,,1051711851
4553,4.166666666666667,3,0.5773502691896258,1441514881
4558,2.909090909090909,11,0.8312094145936334,1471385396
4564,2.6875,8,1.2517844405944203,1320637425
4566,3.5,2,2.1213203435596424,1046144283
4584,5.0,1,,1064616222
4587,2.642857142857143,7,0.9880235200593537,1140050812
4593,2.0,1,,995664707
4614,2.8333333333333335,3,0.7637626158259733,1471386647
4638,2.4838709677419355,31,1.0286226305740274,1469162375
4688,4.0,3,1.0,1281233008
4703,3.5,3,0.5,1228921470
4704,3.5,3,0.5,1115160511
4722,4.333333333333333,3,0.5773502691896258,1439586240
4771,4.0,1,,1467004075
4772,3.875,4,1.0307764064044151,1148214289
4789,5.0,1,,1093888629
4816,3.2282608695652173,46,1.1387445413413766,1471384880
4823,3.210526315789474,19,0.8047737686539307,1462644087
4836,3.0,2,0.0,1012593579
4911,3.0,3,1.0,1217950687
4912,3.5,5,0.7905694150420949,1199391512
4925,2.0,2,1.4142135623730951,1012596749
4927,4.5,1,,1053171780
4929,2.7,5,1.396424004376894,1471385717
4951,2.642857142857143,7,0.944911182523068,1434332369
4954,2.8,5,0.7582875444051551,1323373810
4958,2.9583333333333335,12,1.3727598832169072,1469330599
4961,3.0,1,,1093280373
4964,4.5,1,,1283419525
4965,3.9,5,1.1401754250991378,1131635280
4967,3.9444444444444446,9,1.2610621625351297,1296286559
4970,3.7222222222222223,9,0.6666666666666667,1296192600
4973,4.096,125,1.023308990638986,1476551062
4975,3.0135135135135136,37,1.2609877438302444,1471385451
4977,3.3333333333333335,3,0.5773502691896258,1099008501
4978,3.6,5,1.0839741694339402,1148730339
5001,3.5,1,,1296199190
5038,4.0,1,,1048537506
5048,2.3,5,0.9746794344808963,1125875329
5072,2.3333333333333335,3,1.755942292142123,1340713734
5121,4.5,3,0.5,1449349304
5122,4.0,1,,1014004783
5125,2.0,1,,1012830712
5137,4.5,2,0.0,1209039935
5146,3.6363636363636362,11,1.12006493318265,1462644086
5168,4.0,3,0.5,1147998764
5172,2.5,2,2.1213203435596424,1051550808
5179,3.0,2,2.8284271247461903,1437005469
5205,3.5,1,,1448953334
5236,1.0,1,,1029870119
5237,2.75,4,1.5,1051712004
5241,1.5,2,0.7071067811865476,1029869675
5255,2.375,4,1.3768926368215255,1142688699
5279,1.8333333333333333,3,1.2583057392117916,1054449705
5333,4.0,1,,1109969403
5413,0.5,1,,1259725433
5458,1.0,2,0.0,1033344374
5470,3.4,5,1.51657508881031,1148669643
5481,2.911111111111111,45,1.1495497581508365,1471385109
5483,3.6,5,0.6519202405202649,1133735449
5521,0.5,1,,1198814202
5548,3.5,2,0.7071067811865476,1029516219
5558,2.5,1,,1142944360
5608,4.083333333333333,6,0.8612007121842542,1416148463
5618,4.134920634920635,63,0.9427411525420776,1476551037
5620,3.090909090909091,22,1.191601200030203,1471386594
5638,3.0,1,,1199392166
5689,4.0,1,,1033880299
5691,2.5,1,,1255587123
5693,3.1363636363636362,11,0.9244162777371755,1274046191
5718,3.0,1,,1083950122
5723,4.0,1,,1033880263
5765,5.0,1,,1111479691
5780,3.625,4,0.75,1344185223
5801,4.166666666666667,3,0.2886751345948129,1106443248
5825,4.0,1,,1172956897
5854,4.0,1,,1039070904
5857,1.0,1,,1036367914
5902,3.7738095238095237,42,1.0887584165751292,1467005692
5910,1.0,1,,1046144205
5915,4.25,2,1.0606601717798212,1153762527
5923,2.75,2,0.3535533905932738,1077115399
5955,3.625,8,0.8762745818846639,1296191070
5966,2.5,1,,1158263487
5968,3.5,2,0.7071067811865476,1041284839
6003,3.625,16,1.1761519176251567,1470350814
6022,4.0,1,,1175638550
6073,4.0,1,,1148222967
6077,4.5,1,,1297604697
6114,3.5,1,,1344181508
6116,4.5,1,,1107100678
6183,3.5,3,1.3228756555322954,1097432112
6264,2.5,3,1.0,1462639800
6279,4.0,1,,1093279800
6283,3.6875,16,0.9639329160614168,1469306790
6341,3.5,2,0.7071067811865476,1439586128
6415,1.5,1,,1148671670
6440,3.9347826086956523,23,0.7119810362976189,1471384635
6470,3.0,1,,1065211205
6476,3.0,2,0.0,1090908052
6522,3.0,1,,1062100711
6535,2.1666666666666665,6,1.834847859269718,1433945036
6538,3.7,5,0.9746794344808963,1127474916
6552,3.85,10,0.9732534213770956,1346672082
6593,2.4285714285714284,14,1.328057326976612,1471386685
6609,3.25,2,1.0606601717798212,1433902734
6615,2.1666666666666665,6,0.752772652709081,1471386705
6639,4.25,2,0.3535533905932738,1067731756
6641,3.6666666666666665,3,1.0408329997330665,1307173663
6644,0.5,1,,1297604043
6877,4.0,1,,1098941221
6934,3.037037037037037,54,0.9993009436405362,1466946353
6935,3.8333333333333335,3,0.28867513459481287,1256500277
6950,2.5,1,,1151811708
6957,3.5,19,0.6871842709362768,1470073372
6961,3.25,2,1.0606601717798212,1240203829
6963,4.0,1,,1112045101
6964,3.5,1,,1071596152
6970,3.5,4,0.9128709291752769,1147997433
6974,4.1,5,0.5477225575051661,1175978605
6977,3.25,2,0.3535533905932738,1279947114
6978,3.3,5,1.151086443322134,1470351794
7007,3.3333333333333335,6,0.752772652709081,1471386396
7008,2.9,5,1.1937336386313322,1434026428
7090,3.8636363636363638,33,0.793259959683056,1442890239
7091,4.111111111111111,9,0.6009252125773316,1437107574
7093,0.5,1,,1128634002
7095,2.5,1,,1077115348
7131,3.5,1,,1199574323
7211,4.5,1,,1109970922
7219,4.0,1,,1084237819
7299,4.0,1,,1111796115
7300,4.0,2,0.7071067811865476,1352655321
7303,3.5,5,0.5,1228783270
7305,2.5,1,,1077051499
7340,4.5,1,,1116477466
7347,3.1666666666666665,6,0.8755950357709131,1437002907
7450,2.0,1,,1151811981
7451,3.517857142857143,28,0.927782530165568,1469927147
7453,3.0,1,,1329893507
7942,3.0,1,,1148729504
7979,3.9,5,0.4183300132670378,1308090429
7980,3.357142857142857,7,0.4755948656056709,1435786520
7984,3.5,1,,1448953187
8009,3.5,1,,1102465650
8010,3.5,2,0.7071067811865476,1209425088
8011,3.3,5,0.8366600265340757,1296194546
8012,4.375,4,0.47871355387816905,1291600170
8094,4.0,2,0.7071067811865476,1223256833
8130,3.0,2,0.0,1152398931
8195,2.8333333333333335,3,0.2886751345948129,1433899743
8197,3.6666666666666665,3,1.8929694486000914,1437002048
8199,4.75,2,0.3535533905932738,1307171680
8273,4.0,1,,1258231473
8275,2.6666666666666665,3,1.8929694486000912,1318705465
8290,0.5,1,,1087571692
8327,4.25,2,0.3535533905932738,1307179983
8332,3.5,1,,1133735660
8337,3.6666666666666665,9,0.6123724356957945,1296194393
8341,4.5,2,0.7071067811865476,1112056029
8367,3.0,2,1.4142135623730951,1307173075
8373,2.45,10,1.0394977419675118,1462639544
8388,4.0,1,,1199392325
8410,4.0,1,,1087766669
8453,4.0,1,,1442083596
8584,3.75,2,1.0606601717798212,1109970963
8643,3.5,4,0.7071067811865476,1462639733
8645,3.676470588235294,17,1.0145993123917847,1437003045
8656,3.8333333333333335,3,1.1547005383792515,1389770804
8665,3.7905405405405403,74,0.9326892799075683,1471386460
8675,5.0,1,,1097769120
8689,4.0,1,,1128633043
8699,5.0,1,,1439587538
8810,2.638888888888889,18,1.040440454744663,1462634650
8814,1.0,1,,1462644085
8831,2.5,1,,1131563276
8832,1.5,1,,1111610198
8835,1.5,1,,1111479362
8836,2.3333333333333335,3,1.607275126832159,1393891171
8838,3.6,5,0.5477225575051661,1296203437
8839,2.5,1,,1111481229
8840,2.5,1,,1296203444
8848,2.0,1,,1433937641
8850,2.5,1,,1102464732
8851,2.0,1,,1093815434
8854,3.5,1,,1441522129
8859,0.5,2,0.0,1304136791
8860,2.5454545454545454,11,1.3500841724600998,1462635492
8870,3.1,5,0.8215838362577492,1462644086
8871,3.5,1,,1144125098
8872,3.5,1,,1344185263
8873,3.673076923076923,26,1.0093790932281854,1471383738
8874,3.8714285714285714,70,0.8061615721003222,1470071418
8914,3.75,12,0.7229988054812211,1475258003
8915,2.0,1,,1238951356
8916,3.4285714285714284,7,0.6074928962939559,1401012354
8920,3.5,1,,1102464613
8954,3.5,1,,1160393864
8961,3.861111111111111,126,0.8593925503258423,1475783710
8963,0.5,1,,1143233256
8965,2.7857142857142856,7,0.9511897312113419,1469163163
8968,2.3333333333333335,3,0.7637626158259734,1296190242
8970,3.8513513513513513,37,0.7440958800307111,1476552477
8974,2.5,2,0.0,1374637844
8982,3.5,1,,1234228391
8984,2.911764705882353,34,0.9728946829801892,1471524096
8987,3.5,2,0.7071067811865476,1151811322
8988,4.0,1,,1123973581
8989,3.5,2,0.7071067811865476,1113684531
8998,3.5,4,0.40824829046386296,1228797119
8999,4.0,1,,1106701573
9012,4.0,1,,1199576106
25842,3.5,1,,1247498072
26178,3.6666666666666665,3,0.7637626158259734,1296199279
26198,3.0,2,0.7071067811865476,1234228341
26258,4.0,5,1.4577379737113252,1437105806
26268,4.0,1,,1297604566
26325,4.0,1,,1303320956
26326,4.5,5,0.8660254037844385,1463339081
26371,2.5,1,,1181745612
26386,3.75,2,0.3535533905932738,1147138705
26391,2.0,2,0.7071067811865476,1296203446
26425,3.5,3,1.0,1297604053
26555,3.1666666666666665,3,1.8929694486000912,1113406798
26564,2.25,2,2.4748737341529163,1258440290
26581,2.0,1,,1268902196
26686,3.5,1,,1438019333
26701,4.0,1,,1292402719
26782,3.0,1,,1127100262
26791,5.0,1,,1439588577
26810,3.25,2,1.7677669529663689,1344184001
26842,4.0,2,0.0,1427170496
27022,4.333333333333333,3,0.7637626158259733,1359974275
27768,3.5,1,,1113928372
27816,2.5,1,,1296199365
27873,3.5,2,1.4142135623730951,1296193295
27899,3.5,2,0.7071067811865476,1116190852
27904,3.392857142857143,14,0.6557019558801506,1469306633
30707,3.7,65,0.9134412953222555,1469807437
30793,3.1808510638297873,47,0.9914061813738276,1470073648
31000,2.5,1,,1104245514
31026,4.5,1,,1105648049
31162,2.5,2,0.7071067811865476,1153282973
31225,4.25,2,1.0606601717798212,1255844160
31522,2.75,2,1.7677669529663689,1264719725
31923,4.0,2,0.0,1123271765
32078,3.0,1,,1344510654
32456,3.0,1,,1420521962
32686,3.0,1,,1433901854
33138,4.5,2,0.7071067811865476,1344178876
33660,3.5789473684210527,19,0.8038649329392075,1469807575
33688,1.0,1,,1153693437
34530,1.5,2,0.7071067811865476,1255506326
37720,3.25,2,0.3535533905932738,1140315106
39183,3.6206896551724137,29,1.3865113750357219,1466944177
41566,3.4591836734693877,49,0.8467876473637834,1475783720
41714,3.5,1,,1281022516
41769,3.0,1,,1320505644
42418,3.75,4,1.3228756555322954,1447328927
42740,2.5,1,,1179019671
43267,5.0,1,,1309234837
43708,3.5,1,,1149388431
43899,3.0,1,,1307178303
43904,2.5,1,,1157288446
43930,3.5,2,1.4142135623730951,1329893545
44004,2.9166666666666665,6,1.241638702145945,1465880318
45726,2.5,2,0.0,1255742920
46919,4.0,1,,1371786328
46948,3.25,4,0.6454972243679029,1467693406
46976,3.6625,40,0.8871410433348411,1471384891
47200,3.142857142857143,7,0.5563486402641867,1469306879
47423,2.75,6,1.6046806535881213,1416150781
47714,3.0,1,,1296192512
47952,3.0,1,,1462644087
48231,3.5,1,,1433901586
49013,1.0,1,,1167426941
49220,3.0,2,0.7071067811865476,1205610364
49225,3.5,1,,1296194969
49299,4.0,1,,1437006468
49530,4.04054054054054,37,0.5187910409250955,1465387470
49688,4.0,1,,1226505232
51044,4.0,1,,1296201121
51277,4.5,2,0.0,1337593162
51540,3.925,20,0.6934847169416057,1467005548
54648,2.3333333333333335,3,0.7637626158259734,1462639491
55687,3.0,1,,1296199165
56715,4.0,5,0.7071067811865475,1470072856
58904,3.5,1,,1244711760
59143,3.0,1,,1309492695
59387,3.9545454545454546,11,0.7229988054812212,1470075279
59995,3.8333333333333335,3,0.7637626158259734,1434332061
62383,3.5,1,,1296189665
69069,3.6666666666666665,3,0.5773502691896257,1462948514
69526,2.625,12,1.3164173143249618,1469306772
74458,3.7941176470588234,51,0.9704456223211854,1473258356
77291,5.0,1,,1344178611
79008,4.25,4,0.6454972243679029,1318706249
79224,2.25,4,0.8660254037844386,1467617551
80350,0.5,2,0.0,1292474358
84847,4.0,2,0.0,1348595710
84954,3.2916666666666665,12,1.0543919689766346,1462637997
89492,3.78125,16,1.125,1471386656
98491,4.75,8,0.37796447300922714,1476478450
103299,3.25,2,0.3535533905932738,1466555235
103731,5.0,1,,1439586954
105254,3.0,1,,1411243546
105763,3.0,1,,1433901730
108548,3.0,1,,1469278482
120637,1.75,2,0.3535533905932738,1465535480
134368,3.7,5,0.6708203932499369,1471809278
