movie_id,iso_3166_1
862,US
8844,US
31357,US
11862,US
949,US
9091,US
710,GB
710,US
9087,US
10858,US
1408,FR
1408,DE
1408,IT
1408,US
524,FR
524,US
4584,GB
4584,US
5,US
9273,US
11517,US
8012,US
9691,FR
9691,US
12665,US
451,US
16420,IT
902,FR
902,DE
902,ES
9909,US
9598,AU
9598,US
687,US
687,GB
139405,US
34615,ZA
11443,US
9312,US
577,US
11861,US
807,US
10530,US
8391,CA
629,US
11448,US
97406,FR
97406,US
9089,US
11359,US
2054,US
10607,US
9536,US
11525,US
10634,US
755,US
11859,US
28387,US
48750,FR
36929,US
9102,CA
9102,JP
9102,US
46785,IR
400,US
880,NL
880,GB
880,BE
10534,US
17414,US
2086,US
61548,US
9095,US
12158,US
9283,US
9208,US
63076,GB
63076,CA
63076,US
63076,DE
11062,US
13685,US
2045,US
9614,US
688,US
10874,US
197,US
103,US
33542,HK
71754,CA
71754,GB
16934,DE
16934,FR
16934,GB
10324,US
78406,US
11066,US
11104,HK
2074,US
44284,TN
44284,FR
11863,US
55475,DO
11000,US
16388,US
9737,US
10474,US
22279,GB
30157,FR
30157,GB
30157,US
568,US
11780,GB
11780,US
34996,US
414,GB
414,US
649,FR
649,IT
5894,US
1775,CA
1775,US
8839,US
20649,US
10329,US
8963,US
26564,US
8068,US
8512,US
1572,US
13552,FR
13552,US
6520,US
10428,US
9482,US
9344,US
9071,US
47608,US
2293,US
9070,JP
9070,US
34574,US
1642,US
36196,US
10533,US
10802,FR
10802,US
10149,DE
10149,JP
10149,US
18402,US
9348,US
281,US
79593,US
47939,US
36834,FR
36834,BE
36834,GB
3512,US
9560,US
9804,US
26258,US
50797,FR
50797,RU
76,AT
76,CH
76,US
11017,US
9382,FR
9382,US
6715,US
18256,US
1909,US
8984,US
61813,US
61813,CA
4954,US
11929,US
8467,US
10451,TW
10451,US
20156,CA
522,US
10525,US
27303,US
47867,US
72031,US
72031,FR
14275,US
1024,NZ
11777,US
628,US
87729,US
6280,US
6071,US
11,US
9587,US
18183,MX
4476,US
47504,US
43742,US
28313,US
3036,GB
3036,JP
3036,US
24070,US
10510,US
8438,FR
8438,US
1945,US
63105,US
241,US
9058,US
527,NZ
18220,US
6950,US
101,FR
101,US
63020,US
680,US
41478,GB
41478,US
25296,TW
40156,GB
11450,US
10452,FR
10452,DE
10452,IT
12106,JP
12106,US
161495,US
109,FR
109,PL
159185,CN
159185,HK
28033,DE
28033,US
22586,US
2164,FR
2164,US
11395,US
278,US
87078,US
20306,US
9067,US
193,US
25066,US
46797,GB
46797,US
36141,US
1587,US
9271,US
19855,US
236,AU
236,FR
48287,US
3049,US
2759,AU
10497,FR
10497,GB
10497,US
9331,US
10731,US
9495,US
29973,US
888,US
13,US
712,GB
16295,US
48992,US
10879,US
10660,US
10714,US
8587,US
1689,FR
1689,IT
1689,LI
1689,GB
11596,US
854,US
9359,US
23333,US
36593,US
2788,US
10427,US
11011,US
49803,US
8987,US
1637,US
8831,JP
8831,US
36955,US
10449,US
12160,US
40480,US
29444,US
26352,US
22067,US
11667,JP
11667,US
32502,US
28732,US
42981,US
8011,CA
8011,FR
8011,GB
18069,US
2758,US
10436,US
13595,US
46094,US
16771,US
11041,US
306,US
26203,US
178,US
4722,US
1607,US
26391,US
117553,US
6075,US
11310,US
18658,US
9350,FR
9350,IT
9350,US
9612,US
2124,US
49299,US
9571,US
9739,US
18551,US
25440,IE
25440,GB
9024,US
37233,US
1634,FR
1634,US
35588,US
41579,US
4916,US
2019,US
31642,FR
31642,US
9255,US
9386,US
7984,GB
7984,IE
15765,US
6,JP
6,US
329,US
10909,US
507,FR
507,US
34024,US
9593,US
22317,AU
22317,US
1413,US
12121,FR
12121,US
10502,US
10440,US
9516,US
2320,US
11971,GB
11971,US
2625,US
31911,US
788,US
11231,US
10447,US
9300,GB
9300,FR
9300,IT
9300,NL
9300,RU
9559,US
9800,US
713,NZ
713,AU
713,FR
8291,US
18133,US
25557,US
10872,US
1245,GB
1245,US
11858,CA
11858,US
7007,US
5550,US
8005,FR
8005,US
2088,GB
2088,US
47889,US
14534,US
56583,US
41878,FR
41878,IT
424,US
35233,US
14291,US
11236,US
11592,US
8850,US
10445,GB
695,US
43535,US
12519,AU
12519,GB
23210,US
858,US
867,US
78,US
78,HK
78,GB
13203,US
10442,US
9607,GB
9607,US
17585,US
9057,US
20967,FI
20967,CA
20967,NL
20967,PT
10635,US
9479,US
10057,US
10057,AT
11969,US
319,US
15139,US
161158,CA
85247,GB
85247,US
85247,CA
24405,US
8223,FR
8223,ES
41653,DK
41653,SE
23637,IT
17600,US
21352,US
25403,IT
25403,FR
771,US
251,US
812,US
280,FR
280,US
581,GB
581,US
80350,US
268,GB
268,US
274,US
408,US
10020,US
10895,US
114,US
41043,FR
41043,RU
576,US
59146,CN
30528,US
7300,US
10824,US
275,US
25059,CA
25059,US
11827,CA
8766,US
23570,US
51242,IT
10112,US
46029,ES
46029,US
52873,FR
340210,US
12520,US
1592,US
19042,US
47449,US
40926,US
2021,FR
2021,GB
61752,US
287305,DE
10684,US
954,US
68445,IS
68445,DK
68445,DE
68445,JP
68445,US
8840,US
16417,ZA
10539,US
47502,US
11902,RS
11902,FR
11902,DE
11902,HU
11902,CZ
25087,US
5801,IN
3065,US
2300,US
8069,US
288173,US
221917,IE
221917,US
8072,IT
8072,FR
83857,US
33245,US
40001,US
29621,US
29621,MX
48260,GB
753,US
9103,CA
9103,US
90214,AU
10990,US
12233,US
36355,US
37667,GB
37667,US
11876,FR
62364,ES
73183,US
9100,US
40507,US
9802,US
21588,FR
21588,DE
21588,IT
664,US
11867,US
314352,DE
9323,JP
10280,US
10535,US
935,GB
935,US
9826,AU
9826,US
9879,US
7095,US
124633,RS
124633,GR
124633,GB
124633,FR
124633,DE
627,GB
602,US
9566,US
10545,US
9894,US
11543,US
9268,CA
9268,US
9327,US
44495,US
78285,FR
10779,NZ
10779,US
26748,US
9294,US
11363,US
77056,FR
18550,US
11511,US
172198,HU
172198,CH
172198,FR
35206,MX
35206,FR
11962,US
2925,US
3595,US
18555,US
12123,US
10830,US
3573,US
10546,US
9431,US
48144,HK
47907,US
10061,US
549,US
10478,US
66634,AU
66634,FR
213917,FR
238,US
11134,HK
88224,US
132641,JP
42758,GB
9303,US
9054,US
110513,US
11015,DE
11015,JP
11015,NZ
11015,GB
11015,US
9306,US
3587,US
10723,US
10987,US
43596,DE
872,US
2769,US
13320,US
426,US
567,US
3078,US
13528,US
28288,US
213,US
284,US
239,US
4808,US
289,US
963,US
11113,US
6620,US
804,US
26531,US
909,US
630,US
770,US
599,US
15,US
62,US
62,GB
22490,US
223,US
303,US
4174,US
29376,US
1859,US
10907,US
1939,US
3598,US
3080,US
1712,US
3529,US
1585,US
3083,US
900,US
43905,US
23114,US
22613,US
10331,US
488,GB
488,US
261,US
176841,US
52855,US
52855,ZA
85328,US
85328,FR
10861,US
1770,IE
1770,GB
9333,US
9400,US
11306,US
9625,US
10680,US
6346,US
18660,US
19186,US
6878,US
173,US
864,US
24795,US
11224,US
81310,US
15947,US
9078,US
8367,US
433,US
11360,US
12335,US
12092,US
10948,US
11229,US
15121,US
562,US
10163,GB
10163,JP
10163,US
48862,FR
48862,US
47199,GB
11159,GB
11159,FR
9591,US
41843,US
10938,GB
11412,US
10586,DE
10586,US
49471,US
38153,US
25147,GB
454,US
10218,US
819,US
56830,US
31530,US
28120,US
26282,US
252,US
16372,GB
11561,US
11302,US
623,GB
623,US
583,GB
11575,US
475,US
521,US
88,US
500,US
792,GB
792,US
8491,US
402,FR
402,US
10537,US
11386,JP
11386,GB
11386,IE
9504,US
15764,GB
15764,US
601,US
67365,US
2119,US
744,US
702,US
25750,US
17642,NL
17642,US
427043,AT
37616,US
11112,US
21612,US
102461,FR
36998,FR
36998,BE
36998,GB
1630,US
26626,US
11816,US
11843,GB
10379,GB
10379,US
2756,US
1103,US
11298,US
4480,FR
4481,FR
10765,US
762,GB
44497,CA
44497,DE
55049,PT
55049,FR
10548,US
104931,FR
4483,FR
18919,CZ
18919,FR
18919,GB
26174,US
61461,IT
30892,GB
86369,FR
86369,BE
86369,NL
38554,US
49763,US
41326,GB
41326,US
36555,US
11216,IT
11216,FR
7452,GB
7452,FR
64567,FR
892,FR
1600,FR
1600,NO
1600,PL
409,GB
409,US
38251,IT
10161,IE
10161,GB
1412,US
10409,AU
14285,US
2469,ES
31225,US
510,US
1891,US
2493,US
85,US
68,GB
679,GB
679,US
429,US
429,IT
429,ES
429,DE
13446,GB
389,US
185,GB
185,US
595,US
28,US
335,IT
335,ES
335,US
1892,US
769,US
348,US
348,GB
11645,JP
11645,FR
525,US
600,GB
600,US
10705,GB
279,US
1578,US
9549,US
1398,RU
387,DE
9277,US
343,US
37291,GB
37291,US
11235,GB
218,GB
218,US
763,NZ
9665,US
379,US
207,US
37247,US
1480,US
826,GB
826,US
829,US
3090,US
13667,US
694,US
694,GB
235,US
765,US
5925,US
11778,GB
11778,US
4485,FR
137,US
33,US
982,US
8428,CA
8428,US
212,US
1633,US
11202,US
149,JP
8009,GB
8009,US
903,US
339,DE
339,FI
339,FR
339,GB
339,US
914,US
288,US
16633,US
665,US
11031,US
15143,US
10322,US
783,IN
783,GB
10644,US
11257,GB
12104,GB
625,GB
8816,SE
830,US
2323,US
642,US
655,DE
655,FR
655,GB
655,US
10341,AU
10341,FR
10341,DE
10341,US
639,US
168450,US
30180,US
31388,US
61536,US
8077,GB
8077,US
814,GB
814,US
27214,US
16235,IT
16235,MX
16235,US
11449,US
41848,CA
41848,US
25944,IT
25944,FR
24913,CA
24913,US
32076,US
571,US
8851,US
30346,US
6114,US
9529,US
7340,US
6217,US
377,US
653,DE
28198,IT
794,GB
794,US
31640,GB
31640,US
2212,US
199,US
12498,US
9279,US
17204,US
21539,US
85589,SE
85589,NO
12709,FR
11674,GB
11674,US
1573,US
152,US
174,US
172,US
154,US
157,US
168,US
364,GB
364,US
11967,US
9086,US
621,US
9037,US
10173,US
8845,FR
8845,US
46681,US
578,US
579,US
17692,US
75,US
13891,US
9390,US
378,US
10896,US
26949,US
9819,US
46027,US
3179,US
4232,US
9361,US
10549,GB
10549,US
58102,GB
58102,IE
8818,US
8818,HU
36758,GB
36758,US
74239,GB
74239,US
9415,US
303693,US
34314,US
2892,AU
9404,AU
9404,HK
9404,RU
9404,US
8860,US
14832,FR
14832,DE
14832,GB
9619,US
40506,US
31000,US
4104,US
26306,US
12489,US
55936,RU
55936,KZ
28059,US
1968,US
61563,US
66,US
11419,US
25796,US
638,US
25624,US
9366,US
60083,FR
60083,DZ
60083,BE
60083,LU
21915,US
50091,US
9446,US
28005,GB
28005,IN
28005,US
28005,JP
28005,DE
9403,US
27322,US
9311,DE
9311,DK
9311,SE
1624,US
16052,US
24662,US
50512,US
12723,US
9360,BR
9360,PE
9360,US
9434,US
13982,GB
13982,US
77223,AU
77223,US
31465,US
12793,GB
47694,CN
47694,HK
816,DE
816,US
2163,US
31017,US
49478,CN
49478,US
12499,US
18,FR
68545,CA
68545,GB
109614,US
53023,FR
64802,US
11239,JP
50850,US
2058,US
9450,GB
9450,US
330,US
38523,FR
16375,US
1701,US
1639,US
11103,US
11970,US
8874,US
17991,JP
266,FR
266,IT
754,US
249358,GB
111367,CH
111367,FR
607,US
18080,US
38225,US
17834,US
686,US
4421,US
9387,US
10603,US
2142,US
8413,GB
8413,US
20737,CA
20737,US
9413,US
18519,US
49462,FR
49462,GB
8834,US
9458,US
8854,US
38295,FR
38295,US
22073,US
4961,US
26180,US
9772,DE
9772,US
6072,US
1669,US
468,US
10806,US
9433,US
6623,US
2118,US
978,US
56651,US
10351,US
2649,US
14289,US
10155,FR
10155,US
20457,IE
20457,US
18355,CA
55306,US
68924,FR
68924,US
2255,US
28353,US
9427,GB
3597,US
1813,DE
1813,US
36797,US
12628,US
25099,US
782,US
9827,US
125052,US
10871,US
14398,US
10890,US
99002,FR
1281,GB
1281,US
9770,US
12616,US
14905,GB
14905,US
11975,US
9281,US
45928,US
563,US
61337,US
61337,AU
19931,US
19931,CN
10215,GB
10215,US
9823,US
37165,US
45609,GB
38904,NL
38904,GB
38904,US
9407,US
4824,US
9444,US
9414,US
8078,US
11831,US
2895,US
124606,US
2639,US
9574,US
10371,US
489,CA
489,US
9714,US
8197,US
6283,US
49728,US
4233,US
191874,US
191874,CA
10217,CA
597,US
714,GB
714,US
62394,CA
9922,US
547,US
184,US
9746,US
115,GB
115,US
27103,BE
27103,FR
9410,US
41417,US
586,US
2666,AU
2666,US
46338,GB
11258,DK
11258,FR
11258,NZ
11258,GB
11258,US
9490,US
9411,US
25719,GB
9033,US
6116,GB
9457,CA
9457,US
11702,US
2923,GB
2923,US
11568,US
66894,US
11003,US
10153,US
47112,DE
47112,IE
47112,JP
47112,ES
47112,GB
30949,DE
30949,US
2898,US
9558,IT
9558,GB
9558,US
11808,US
6970,AU
18205,MX
36943,US
21736,US
17941,US
9313,GB
9313,US
42807,US
617,US
5910,JP
9440,FR
9440,DE
9440,JP
9440,GB
9440,US
32911,US
93350,US
17127,US
17133,US
19848,US
1774,GB
1774,US
30265,HK
2157,US
29193,US
795,US
795,DE
9469,US
12488,US
81367,US
267,FR
267,ES
16148,US
21252,GB
6264,DE
6264,IE
6264,GB
15513,US
31220,US
13907,US
29825,US
10622,AU
10622,HK
17139,NL
17139,BE
10216,US
9771,US
76330,US
9448,US
38618,AU
38618,DE
38618,US
18316,FR
18316,DE
18316,JP
18316,GB
18316,US
78373,US
8656,US
58680,US
18937,US
929,US
9452,US
1878,US
9844,US
40505,US
14342,US
1965,US
6068,US
37636,US
21334,IR
51955,US
37410,US
53765,US
10674,US
136134,GB
846,CA
846,US
12655,GB
12655,US
12655,IE
3050,US
1389,US
9464,US
95,US
35680,US
35680,FR
11551,US
544,US
28966,US
65203,US
143,US
42861,US
33680,US
56164,US
12311,US
43266,US
27367,US
17661,US
887,US
33667,US
25430,US
27191,US
11426,US
654,US
15919,US
1725,US
5769,GB
874,GB
10633,US
17917,GB
3116,US
1051,US
1366,US
12102,US
16619,US
9443,GB
606,US
380,US
403,US
466,US
13820,US
15389,US
13597,GB
13597,US
2108,US
10014,US
10072,US
10131,US
10160,US
11284,US
4488,US
9725,US
9728,US
9730,US
9731,US
10225,US
10281,US
10283,US
948,US
11281,US
10676,US
11357,US
11361,US
36599,CA
10585,US
11186,US
11187,GB
11187,US
609,US
11133,US
10306,US
9552,US
11586,US
943,US
927,US
9340,US
9342,US
12101,US
19,DE
165,US
196,US
551,US
17984,US
22328,US
32611,US
3170,US
346,JP
859,GB
859,US
841,US
11051,US
11051,CA
242,IT
242,US
1411,US
9769,FR
9769,US
9424,AU
9424,US
9835,US
857,US
10957,US
9570,US
19378,US
29228,US
19379,US
11164,US
24736,US
9994,US
14140,US
10439,US
11158,US
9354,US
9631,DE
9631,US
1779,US
907,IT
907,US
47908,US
42121,US
11974,US
20348,US
793,US
9325,US
10340,US
10144,US
10414,US
15300,US
12230,US
10693,US
11135,US
11319,US
13155,GB
13155,US
10249,US
15943,US
10882,US
2619,US
65158,US
53565,US
41841,US
97,US
10419,US
11675,US
2107,US
6471,US
11591,US
13697,US
19158,JP
19158,US
227,US
87,US
123,US
11336,US
9980,US
10489,US
10823,US
11497,IE
11497,GB
11497,US
2907,US
9454,US
8688,CA
8688,US
16155,US
23954,CA
23954,FR
396,US
14367,US
11814,US
16081,US
18331,US
11837,GB
11704,US
11639,GB
11639,US
4978,US
11976,US
11976,GB
15144,US
11522,US
13853,US
11415,US
37530,US
8393,ZA
8393,BW
11937,BW
11937,US
11937,ZA
39930,US
805,US
34584,DE
34584,US
34636,DE
34636,US
77469,US
36647,US
4011,US
1580,US
5854,US
573,GB
2370,US
5780,US
506,US
22527,US
574,US
11219,US
30159,US
845,US
3682,US
847,US
117,US
37498,AW
37498,HK
37498,US
28047,US
31667,US
21734,US
11462,US
31995,GB
940,GB
47695,GB
31930,GB
20213,GB
543,GB
36056,GB
10220,US
431,CA
22796,US
22256,US
37550,IT
21873,US
12626,US
2321,US
10699,US
11597,US
47947,US
48311,US
41090,US
18169,US
11082,US
5971,US
11933,US
30815,US
881,US
4478,US
2109,US
24746,US
72987,FR
72987,GB
72987,US
8195,FR
8195,GB
8195,US
9877,CA
9877,FR
9877,US
21132,CA
21132,US
14794,GB
3486,GB
3486,US
11071,US
1091,US
10403,US
11337,US
162,US
25723,US
73351,US
8916,US
12159,NZ
12159,US
27791,US
10156,US
10377,US
3121,US
4975,GB
1039,AT
4437,US
1955,GB
1955,US
39437,US
11932,CA
11932,US
6435,US
10683,US
2657,US
9425,US
637,IT
8675,JP
8675,US
20701,US
73,US
46889,US
12888,US
3033,GB
3033,US
9882,US
10663,US
4518,US
1808,GB
3600,US
17037,US
297,US
8336,US
11893,IL
11893,US
32081,US
14924,GB
41817,US
19426,IT
19426,FR
9798,US
14444,US
9487,US
9466,US
666,BR
2042,US
309,DK
309,SE
24018,US
1678,JP
39256,US
39256,JP
1680,JP
244,US
10730,US
31947,US
8130,US
11532,GB
9749,US
14628,US
9626,NL
9626,US
13698,US
10466,US
707,FR
707,IS
707,GB
707,US
11954,GB
9336,US
10157,US
11825,US
11895,US
9447,AU
12257,US
37536,US
10029,US
11252,US
200,US
9837,US
11545,US
1934,US
13764,US
8879,US
1369,US
1368,US
1370,US
10303,US
9326,MX
9326,US
10328,US
11285,US
1367,US
1371,US
1374,US
1375,US
15196,US
13818,US
29968,US
44326,US
1885,US
10495,US
5825,US
9489,US
8741,CA
8741,US
9276,US
10312,US
9441,US
9422,US
24525,US
10368,GB
10368,IT
31662,US
36136,US
1363,US
46992,GB
825,US
15556,US
9423,US
9423,GB
9423,DE
9423,JP
9423,FR
14443,US
10658,US
40729,CA
40729,US
11815,US
9426,CA
9426,GB
9426,US
2620,US
16337,US
16780,US
12151,US
33278,US
192,FR
192,IT
192,DE
10013,US
9671,AU
9396,AU
9396,US
12278,US
11873,US
18588,US
10015,US
6187,FR
10314,US
125548,US
2112,US
16172,US
111794,US
20595,US
16306,CZ
16306,FR
11622,US
10207,US
9849,US
18892,US
1542,US
43978,IR
43978,FR
15256,US
8224,US
12479,US
8913,US
10906,US
25748,US
25749,US
14742,US
10671,US
27932,US
7227,US
5919,US
33518,US
10803,US
871,US
1685,US
1705,US
1688,US
1687,US
166680,US
11123,US
29723,US
31638,US
9535,AU
9535,US
9455,US
796,US
100,GB
47501,US
77936,BE
77936,FR
77936,LU
30943,US
7341,US
10350,LU
10350,US
9540,CA
9540,US
31503,US
22345,US
1641,US
10212,CZ
10212,GB
10212,US
16520,US
16508,US
11374,US
16379,US
125123,GB
28029,AU
28029,US
603,AU
603,US
4951,US
8970,US
9430,US
11355,US
18764,HK
9465,US
27455,US
1414,ES
6522,US
22826,IT
22826,FR
1902,ES
6396,US
1946,CA
1946,FR
1946,GB
1844,GB
1844,US
6552,US
3309,US
18462,US
18252,US
8592,US
564,US
13852,AU
10210,IT
10210,US
10210,GB
53862,US
4927,US
1893,US
44297,IT
44297,GB
8785,PL
18990,GB
29243,US
29239,US
15660,US
1924,GB
1924,US
8536,GB
8536,US
9531,GB
9531,US
11411,GB
11411,US
138,US
3103,US
3035,US
32023,US
36685,GB
36685,US
30168,US
10785,US
8974,US
11549,US
17918,US
18784,US
509,GB
509,US
1090,US
15059,GB
15059,US
12117,US
817,US
14283,CA
14283,IT
14283,GB
37135,US
2275,DE
2275,US
24137,GB
24137,US
10376,IT
104,DE
9032,US
13821,AU
55955,GB
6488,US
9473,US
2105,US
1073,US
10208,US
48958,GB
48958,US
345,GB
345,US
9825,US
620,US
2978,US
10490,US
11618,US
1812,US
8914,AU
8914,US
9824,US
967,US
802,GB
802,US
3175,GB
3175,US
21185,EC
21185,US
10136,US
32060,US
48259,US
873,US
48660,US
26789,US
108312,US
11416,FR
11416,GB
10776,US
9710,US
30890,US
20242,US
3526,US
16406,CA
16406,FR
16406,US
10386,US
745,US
913,US
912,US
17707,US
9781,US
102489,FR
102489,ES
13817,AU
126996,IT
38715,US
29056,US
26857,US
28501,US
29030,GB
29030,US
10766,US
10768,GB
10768,US
813,US
9406,FR
9406,GB
9406,LU
9406,NL
9406,US
11418,US
11153,US
2280,US
9944,US
10154,GB
10154,US
10342,US
10366,US
126152,US
22314,US
11963,US
9096,US
2900,US
47144,RS
47144,FR
47144,GR
47144,MK
47144,TR
30964,FR
30964,GB
30964,US
52366,FR
2162,US
14578,US
10307,US
11601,US
1075,RS
1075,RO
1075,DE
1075,AT
1075,FR
21719,US
47951,JP
26522,US
23761,US
42114,US
14,US
24128,US
11001,DE
11001,US
704,GB
24153,US
11797,US
18086,US
10669,US
11527,GB
11527,US
28032,IE
28032,US
11326,GB
10974,HK
10974,HR
10398,CA
10398,US
60994,US
14429,US
15198,CA
15198,US
6415,US
24066,US
60285,US
5622,IT
29787,US
9638,US
10576,US
12662,US
11712,JP
12618,US
226,US
69851,ES
10388,US
9346,US
861,US
9377,US
11541,AU
11541,US
11901,US
4929,US
8416,IT
8416,DE
8416,FR
851,GB
18254,US
32255,US
19997,US
17352,US
535,US
1654,GB
1654,US
658,GB
658,US
657,GB
646,GB
5689,US
391,IT
391,DE
391,ES
8052,US
772,US
65452,US
31650,US
73575,US
550,DE
550,US
12220,US
53151,US
404,US
9343,DE
9343,PE
16858,US
11562,US
16162,US
10563,AU
10563,US
14484,US
32043,US
15247,GB
29251,US
5548,US
5549,US
856,US
38772,US
699,GB
699,US
709,GB
709,US
253,GB
660,BS
660,FR
660,GB
660,US
11377,US
26149,US
492,US
128,JP
8056,BE
8056,DE
8056,FR
8056,IL
8056,NL
8056,RO
2020,US
9481,US
9008,US
14242,US
16129,CA
11489,FR
11489,BE
51371,US
31361,US
11223,US
16288,US
1694,US
476,US
37094,US
13555,US
961,US
73969,US
64963,US
85160,US
11510,US
957,US
11886,US
11040,US
1621,US
11498,US
29371,US
47941,US
29048,GB
1832,US
10047,FR
10228,JP
10228,US
47692,CA
47692,GB
18561,US
51787,US
9264,US
18222,US
11165,JP
11165,US
4203,ES
24226,US
88875,US
29154,US
2039,US
11943,US
11481,GB
20565,GB
10399,GB
2668,DE
2668,US
36643,GB
36643,US
99,ES
99,FR
159569,US
159569,DE
5156,IT
24276,US
29005,US
20334,US
10998,US
36094,US
11005,US
177,US
34760,US
863,US
22267,US
55123,US
41462,US
20024,US
20024,GB
9684,US
9586,US
19664,US
76083,US
32669,US
31681,US
10402,US
497,US
1715,US
25188,US
15515,US
1439,MY
1439,US
2277,DE
2277,US
10137,DE
10137,US
10387,CN
10387,FR
10387,JP
30237,GB
30237,RU
30237,US
50116,FR
50116,GB
50116,US
36492,US
624,US
415072,US
9563,US
1850,US
926,US
10400,US
20761,US
10236,US
71067,US
11851,US
5924,US
26617,US
11900,DE
10493,AU
10493,US
16241,GB
16241,US
43455,US
13342,US
35119,AU
35119,US
14919,US
14040,US
47620,US
10831,GB
33078,GB
33078,NL
16672,JP
10472,US
53714,GB
21489,DE
21489,GB
13005,US
75531,US
14741,US
32015,RU
32015,CU
1883,US
2005,US
6279,US
11087,US
7305,US
24735,US
9475,US
8872,US
8873,US
9869,US
9374,US
11259,US
11068,US
1923,US
10206,US
9367,MX
9367,US
16562,US
12143,US
4234,US
9605,US
29076,US
1907,GB
1907,US
15655,US
68546,FR
68546,GB
68546,US
77908,US
30062,US
62463,GB
25934,GB
14181,US
10385,DE
10385,US
2787,US
2069,CA
2069,US
25010,US
10098,US
2155,US
47816,US
20682,US
25166,US
1831,US
14271,US
4816,US
2193,US
24481,US
11296,US
29478,US
28177,US
2067,US
5693,US
287,US
968,US
838,US
31618,JP
31618,US
15873,US
48213,FR
48213,DE
48213,GB
35412,US
820,US
26827,US
11157,US
918,US
61178,US
11176,US
14900,GB
36536,US
123047,GB
123047,US
24575,GB
16535,US
23928,US
462,US
2383,FR
2383,US
17443,US
8469,US
27995,US
925,US
41823,US
1713,US
30547,US
13939,US
14373,US
24873,US
26263,US
996,US
9079,US
1498,HK
1498,US
1497,HK
1497,US
1499,HK
1499,US
1880,US
33762,US
103960,US
11690,US
29143,US
801,US
104301,US
1879,US
2085,US
13539,US
16222,US
37722,CA
37722,US
75892,ES
75892,US
33516,GB
9960,GB
2102,JP
2102,US
12187,US
24748,US
990,US
840,US
25673,US
2291,US
16620,US
526,US
13346,US
243,GB
243,US
10501,US
11478,CA
11478,US
6644,US
879,US
11327,GB
11327,US
1700,US
34322,US
10774,US
29786,US
11356,US
10747,US
38809,US
10559,US
20697,US
2621,US
10479,US
49721,FR
2006,US
17339,GB
48211,FR
48211,IT
13665,US
12309,US
106,US
10333,US
10468,US
1359,CA
1359,US
4967,US
31776,CA
31776,DE
31776,US
31776,GB
10557,GB
27745,GB
19214,US
13776,US
26291,US
10242,US
27857,GB
10518,US
11977,US
18041,US
14736,US
3536,FR
3536,US
1443,US
10424,US
80677,IT
80677,FR
28971,US
310431,US
889,US
10564,US
15723,US
19600,BR
19600,US
39283,US
5241,US
98,GB
98,US
21311,US
47724,GB
47724,US
11129,GB
11129,IE
1058,US
50627,US
5608,DE
5608,RS
38925,US
5491,US
10560,US
10688,US
18228,US
80351,US
18642,US
18644,US
5683,US
2094,US
10567,US
9285,US
10569,US
98502,US
24918,US
955,DE
955,US
8584,HK
8584,US
668,GB
668,US
23518,US
691,GB
691,US
698,FR
698,GB
698,US
682,GB
682,US
40685,US
499,FR
499,IT
9600,DE
9600,US
120077,US
2768,US
21,US
10911,GB
10911,US
26959,US
80287,US
6003,IT
6003,GB
23939,US
11072,US
13368,US
985,US
541,US
21137,US
36724,US
938,IT
938,ES
938,DE
10648,US
11368,US
10875,US
1551,US
22500,FR
10246,US
10246,CA
19698,CA
19698,US
23919,CA
23919,US
28169,US
865,US
9663,US
10128,US
9659,AU
8810,AU
9355,AU
10068,US
11495,US
11428,US
10117,US
35936,ZA
35936,GB
35936,US
35936,FR
35463,JP
35463,US
9679,US
31657,US
21128,US
482,US
14328,US
9040,IT
9040,US
5121,US
6978,US
3133,US
10571,US
479,DE
479,US
7450,US
31023,ES
25636,CA
25636,US
7443,GB
2123,US
2024,DE
2024,US
17711,DE
17711,US
2133,US
28774,GB
28774,US
11598,US
117026,US
9873,US
16820,US
12764,US
8348,US
24099,US
17897,GB
17897,US
28050,IT
28050,ES
16094,US
13757,US
90980,US
26270,US
37744,US
494,US
493,US
4244,US
20770,US
20540,US
1788,US
32275,US
36657,US
36047,US
2655,US
12599,JP
12599,US
90715,US
59181,US
11940,GB
10276,US
19380,US
11624,US
11686,US
16110,GB
16110,US
12107,US
32640,GB
6282,US
9383,DE
9383,US
5551,US
27723,AU
27723,US
2360,FR
2360,GB
21866,US
33408,US
11589,RS
11589,US
15158,US
26515,US
11856,US
13567,US
10860,US
39473,US
20438,US
46991,BE
46991,FR
46991,CH
46991,LU
14195,FR
14195,US
18168,IE
18168,GB
18168,US
8843,DE
8843,US
10643,JP
37136,US
37137,US
23283,US
3110,US
14698,US
11694,US
47434,BE
47434,FR
47434,DE
47434,US
39891,GB
9651,GB
9651,US
11398,CA
11398,US
1588,US
12211,US
1698,DE
10685,US
1619,US
786,US
51179,GB
51179,US
27665,US
10562,US
14629,US
16,AR
16,DK
16,FI
16,FR
16,DE
16,IS
16,IT
16,NL
16,NO
16,SE
16,GB
16,US
22597,US
10637,US
9003,GB
9064,GB
11569,CA
11569,US
10434,DE
38126,US
469,US
2160,US
2161,US
10973,US
34077,US
10787,US
43109,US
43230,US
15855,US
27475,US
40446,US
20455,JP
20455,US
1597,US
641,US
10687,DE
10687,US
6521,DE
6521,GB
6521,US
16888,US
18498,US
13465,US
71,FR
71,GB
1636,US
24100,DE
24100,NL
24100,US
10783,FR
10783,US
4327,US
4958,US
9678,US
11978,US
8870,AU
8870,US
681,GB
681,US
8452,US
8871,DE
8871,US
10481,US
10876,DE
10876,GB
10876,US
9741,US
146,CN
146,HK
146,TW
146,US
11849,CZ
11849,US
11983,US
11678,NZ
11678,PK
11678,US
2669,US
2669,GB
12714,US
708,GB
708,US
1857,US
10673,US
2604,US
11064,US
107,GB
107,US
40820,US
392,GB
392,US
8859,US
11688,US
3981,US
711,US
2046,US
8358,US
25520,GB
25520,FR
25520,DE
25520,US
1493,US
25660,KR
10577,US
21355,US
29122,US
11973,US
1900,DE
1900,US
10873,US
15739,US
15413,US
11209,US
13715,US
10655,US
34794,US
9989,CA
9989,US
9816,US
20637,US
5955,US
66599,US
26333,US
16723,US
2018,US
47595,FI
47595,DE
47595,IT
47595,NO
47595,SE
18856,US
37949,HU
37949,FR
37949,GB
37949,DE
47943,FR
10937,US
96,US
11028,US
67307,US
19933,US
12919,US
31563,US
70199,US
62185,US
24826,US
17159,US
10110,US
18935,US
26964,CA
48149,FR
48149,IT
48149,US
14464,MX
14464,US
32227,US
580,US
36914,US
1547,US
2608,US
10019,US
11649,US
13509,US
30175,US
34379,US
24940,US
10984,US
843,CN
843,HK
318,US
318,DE
9740,GB
9740,US
10878,US
10697,FR
7093,BE
7093,FR
7093,GB
19405,US
1921,US
48217,FR
48217,CA
6073,MX
6073,US
39180,AU
39180,US
25208,US
82103,BR
19513,US
2749,DE
2749,US
10050,US
49929,IE
49929,GB
38545,US
31151,US
1888,US
2428,US
22013,US
56137,GB
17466,CA
17466,US
9594,US
35976,US
2453,US
33676,CA
33676,US
4587,US
11454,US
4192,GB
11607,US
14052,US
16889,US
39934,US
21309,US
4985,US
23730,US
853,IE
853,US
853,DE
853,GB
10877,CA
10877,US
77,US
10833,US
12658,US
10054,US
10646,US
2575,IE
2575,US
44379,FR
2043,CA
2043,DE
2043,US
4133,US
10991,JP
26791,US
44069,IR
634,FR
634,IE
634,GB
634,US
10956,US
19366,CA
19366,US
9290,AU
9290,US
13166,US
111,US
10477,AU
10477,CA
10477,US
12484,US
1734,US
8076,DE
8095,GB
8095,US
8095,CH
849,ES
849,GB
849,IT
849,US
2981,US
11307,US
46498,FR
46498,IT
46498,US
11163,IT
11163,FR
11035,IT
78133,US
22829,US
25221,US
40842,US
9062,US
19094,US
14268,US
5852,US
808,US
49453,FR
49453,IT
49453,US
824,AU
824,US
676,US
88727,NO
26255,US
22414,US
42233,US
1406,US
17664,US
41050,IT
41050,FR
1632,US
966,US
301,US
12623,US
11896,US
17971,US
5923,US
15497,US
21876,US
11090,US
21056,US
9397,US
9705,AU
9705,US
10364,US
1089,US
9967,US
17494,JP
17494,US
10653,US
9576,US
10865,US
1995,US
10808,US
644,US
16161,US
10691,US
10615,US
11826,ES
11826,GB
15564,CA
15564,US
10992,US
2140,FR
2140,US
17612,CA
3134,FR
34899,VN
34899,DE
34899,FR
8217,US
26483,US
11286,US
12236,US
36245,FR
36245,IT
15875,US
26573,US
23439,US
10728,DE
11697,US
19200,US
42780,US
28794,IT
20197,US
43316,US
18929,GB
4789,IT
18030,US
11536,US
10339,US
11713,HK
13333,HK
13333,US
13938,US
10540,GB
9462,HK
2114,JP
2114,US
8835,US
11371,DE
11371,US
15745,US
24977,US
103488,US
103488,BE
38965,US
47817,US
9395,HK
9395,US
14506,IT
14506,GB
5333,AR
5333,GB
4281,GB
26044,US
59797,US
14911,US
15592,US
30502,US
19382,US
9599,US
18509,US
110428,FR
14441,US
7520,US
10126,US
23752,US
3980,US
10127,US
9748,US
40095,US
10141,US
26386,US
25884,US
10675,FR
10675,US
38982,US
10130,US
2617,US
38615,US
30690,US
26723,US
11347,GB
12144,IE
12144,US
12505,US
13482,US
12120,US
47818,US
38617,US
9604,US
24929,US
10925,US
24266,AU
58434,US
70842,GB
70842,US
38909,US
11503,US
11966,US
25497,GB
25497,US
38560,IT
38560,US
50203,US
8337,US
47493,FR
47493,US
41974,GB
41974,US
28176,US
9493,US
29095,US
12582,GB
11352,US
12500,US
25678,US
25682,US
25682,CA
25682,ZA
32049,US
45225,US
1648,US
4105,US
22711,US
19124,US
10142,TH
10142,US
3064,US
86093,US
10134,US
21291,US
4925,US
14550,US
32075,US
2210,GB
2210,US
25005,CA
25005,US
21721,US
116014,CA
116014,US
11828,SE
11828,GB
55699,US
55699,CA
20713,US
27461,US
19157,US
11465,US
9085,US
17819,US
46786,US
14776,GB
59585,US
29185,US
39787,US
32059,US
505,US
10345,US
10222,US
14372,IT
14372,US
9972,US
9494,US
9942,US
8216,NZ
24739,US
39197,US
9686,US
27418,US
39002,US
43345,US
8867,US
8867,AU
12663,NA
12663,US
12663,ZA
331,US
11467,US
327,GB
327,JP
327,US
1548,DE
1548,GB
1548,US
869,US
552,IT
2171,US
87462,US
20307,US
41946,FR
41946,ES
41946,GB
10135,US
56162,DE
56162,US
24254,US
19236,MX
12150,US
47045,US
18683,GB
18683,US
12521,US
49788,US
31083,GB
31083,US
30666,US
30666,GB
25155,GB
25155,US
25155,CA
24077,GB
9618,US
16560,US
31608,US
6951,US
2616,US
7091,US
249,US
11342,US
183,US
8494,US
26535,GB
2148,US
42033,CA
23239,AU
2057,FR
2057,US
9880,US
5175,US
21596,BE
21596,FR
11385,US
4484,FR
11684,FR
11684,IT
20391,US
1627,FR
11542,US
17169,US
33214,GB
19267,HK
19267,US
2770,US
12610,US
1933,ES
1933,US
1933,FR
1933,IT
13496,US
24936,US
80070,IE
10972,US
1722,GB
1722,US
1722,FR
9896,CA
9896,US
26665,GB
26665,NO
26665,SE
9683,US
2779,DE
2779,US
10016,US
26602,US
37920,US
37920,HU
22230,US
13966,GB
742,SE
15104,US
8922,DE
8922,US
11065,US
21118,US
46727,US
16314,US
18885,JP
18885,US
27346,US
34223,US
16307,GB
11370,GB
11370,US
11370,DE
11370,LU
12508,US
34714,US
47161,IR
47161,FR
106230,TH
44321,CO
44321,FR
44321,ES
2176,US
20857,DE
20857,US
22617,US
2185,US
10696,US
2034,AU
2034,US
30379,US
31016,US
32567,US
32567,GB
32567,DE
32567,SE
12537,GB
9028,IT
9028,FR
16180,GB
11521,US
21028,RU
21242,ES
21242,US
82523,SE
82523,GB
20115,IT
25767,GB
33725,US
22874,GB
22874,US
11576,US
43860,GB
43802,US
9660,US
15393,US
248,US
40885,US
1644,US
66092,US
10373,GB
13766,US
12103,AU
12103,US
11313,AU
11313,US
9398,DE
9398,US
10866,US
34549,US
9778,US
58429,AR
58429,JP
58429,FR
58429,ES
16121,US
40220,US
40932,US
13550,CA
13612,US
16769,US
42158,US
27958,DE
27958,US
31703,CA
31703,GB
1716,FR
3172,US
17708,US
12780,HK
570,FR
570,IT
1018,FR
1018,US
102933,US
11380,US
984,US
14811,US
15560,US
768,CZ
768,GB
2100,US
11091,US
3173,TH
23941,US
11845,FR
11845,DE
11845,ES
11845,GB
9081,US
167,DE
167,GB
167,US
34043,US
27444,AU
27444,FR
141,US
10034,GB
10034,US
10778,GB
10778,US
78657,FR
11456,US
585,US
10796,US
23949,US
11088,US
9889,US
45964,US
13408,US
671,GB
671,US
17731,US
20794,US
11469,US
14369,US
1535,GB
1535,US
1433,ES
1433,MX
1999,US
87774,US
42258,NL
11834,GB
27405,GB
16441,US
31037,US
40739,US
10656,FR
39938,US
38766,US
43510,US
35284,IT
35284,US
14584,US
58886,BE
72277,AU
5781,FR
5781,ES
23805,US
34388,GB
39867,US
11033,US
69716,AU
69716,US
37835,US
3537,US
38922,US
8738,US
3604,US
42218,US
10649,US
42566,US
17689,US
15983,US
14854,US
10847,US
10650,US
8007,US
19076,US
50562,US
13503,US
161,US
43774,IR
31064,US
31682,US
4886,US
194,FR
194,DE
11397,US
1903,US
11889,CA
11889,GB
28171,IR
28171,FR
9428,US
1649,US
11938,GB
43143,GB
27150,US
26978,US
19209,US
8386,US
12589,US
12312,US
120,NZ
120,US
11086,US
453,US
31507,US
42612,US
18783,US
12593,US
14683,US
10794,US
43136,US
37257,US
8489,US
855,GB
855,US
12660,AU
12660,DE
12660,GB
10269,GB
10269,US
5279,DE
5279,GB
5279,US
1365,US
6440,US
14580,US
49410,US
6037,US
42987,GB
61418,US
27099,BE
27099,FR
6312,FR
11595,US
24166,FR
24166,TW
77985,US
77074,US
10170,US
98491,GB
26686,US
61934,US
848,GB
15035,US
31603,DE
31603,US
32020,US
33155,US
4965,US
11891,HK
11891,US
11888,CA
11888,US
150,US
112,DK
112,SE
20678,US
10423,US
17691,US
651,US
20620,US
18647,US
11362,US
2637,US
10229,US
35650,CA
9606,JP
16550,US
13915,CA
34723,US
31674,US
52744,US
43340,US
20009,CA
20009,US
2084,GB
2084,US
50225,US
74692,CA
39775,US
29475,US
4267,FR
4031,FR
47871,US
11594,FR
11594,IT
19562,FR
19562,IT
11870,US
9884,US
11535,DE
11535,JP
11535,US
27593,US
29887,US
28345,US
69928,US
21921,US
11528,US
2441,ES
10592,US
8470,US
16690,AU
16690,CA
16690,US
39939,US
14778,DE
14778,GB
32499,US
33668,US
39282,US
40687,US
993,GB
11698,DE
41357,US
93427,US
93427,DE
93427,AT
14475,US
10052,DE
10052,US
11979,AU
11979,US
75151,US
13791,DE
13791,US
270306,US
25006,US
23479,US
108267,US
121703,US
77955,GB
2752,US
2752,FR
2752,GB
10590,DE
10590,US
29039,IT
29039,US
22910,PH
22910,US
40364,IT
21380,IT
21380,ES
46717,US
20465,IT
13950,US
2135,US
15186,US
31651,IE
31651,GB
47869,GB
965,US
54287,US
10935,US
44004,US
22288,US
119617,US
17909,RS
27458,US
14729,US
30924,US
24919,IT
24825,US
5851,AU
5851,US
15647,US
38880,IL
38880,US
1391,MX
18172,US
17804,US
31805,US
29021,US
10627,US
11006,US
15120,US
21629,US
16026,SE
36586,DE
36586,US
125764,AU
18292,US
15028,US
9275,DE
9275,GB
9275,US
4547,US
14635,US
22784,US
40814,US
53426,MX
53426,GB
53426,US
24585,US
17990,FR
17990,GB
129542,DE
5678,US
11560,US
11452,US
34276,GB
11590,US
1537,US
12149,DE
12149,IT
12149,US
11812,US
35080,DE
35080,GB
35080,US
8346,CA
8346,US
32617,US
31671,US
15482,US
12154,US
25133,US
25133,HR
21970,GB
21970,US
11892,US
9334,US
9334,DE
9334,BE
70054,FR
18079,AR
11470,US
16643,CA
16643,US
21220,US
69324,NZ
26030,FR
42048,AU
28117,US
46691,US
27094,US
26725,US
56179,US
13201,DE
13201,US
557,US
32037,DE
32037,IT
32037,GB
39154,US
32221,US
12227,US
43643,US
10985,US
2251,US
11240,GB
45186,US
86483,US
5425,IT
29318,GB
28907,US
39771,US
245,GB
245,US
1894,US
4012,US
1957,US
320,US
9023,US
24010,US
39435,US
24005,US
24014,US
24008,US
53229,US
4614,US
12277,US
112991,US
58455,US
36554,US
13153,TH
13153,US
163907,US
7216,IT
3132,US
13245,CA
2501,US
2501,DE
2501,CZ
9637,US
12100,US
10394,DE
10394,IE
10394,GB
15813,FR
15813,CZ
15813,DK
15813,DE
15813,IT
15813,GB
31591,US
18905,US
14774,US
4993,US
38950,US
17898,US
21635,US
27945,US
43139,GB
30194,US
10169,US
13909,US
103299,US
11544,US
180,US
50035,US
11982,US
27224,US
12251,US
88818,GB
88818,US
21972,US
608,US
59387,US
6278,IE
6278,GB
6278,US
4147,US
16664,JP
15096,US
49370,US
1842,US
11442,US
1364,ES
1364,FR
10996,US
818,US
45861,CN
39141,US
10309,DE
43915,GB
24130,US
8764,GB
8764,US
2675,US
9488,US
9962,NL
9962,DE
9962,US
9573,US
7451,US
92384,US
34070,SE
34070,DK
34070,NO
6173,FR
10305,CH
10305,FR
18694,US
11484,GB
11692,AU
11692,US
9266,DE
9266,US
30072,GB
30072,US
9357,US
12771,DE
12771,US
9296,US
15070,US
26942,US
26895,JP
11243,CA
19975,CA
19975,US
10323,US
9595,US
24038,US
9941,US
18639,US
39833,US
10725,US
9544,DE
9544,LU
9544,GB
9544,US
23967,DE
23967,US
23967,GB
57351,US
20616,US
9299,ES
10611,US
12770,US
4108,US
4108,FR
46466,FR
9685,US
16370,US
18913,US
14361,US
32685,US
12262,US
26680,US
34086,US
23470,US
233,US
32961,GB
19460,AR
10550,DE
10550,US
9093,GB
9093,US
9039,DE
9039,US
1958,FR
1958,IT
23550,IT
68569,GB
68569,US
68569,DE
68569,IE
11013,US
129,JP
11529,US
38951,US
31005,US
9533,DE
9533,US
4107,IE
4107,GB
47500,US
9260,DE
9260,US
1682,JP
39462,JP
33831,US
24348,US
82545,US
37606,FR
37606,US
11868,GB
12921,CA
12921,US
74899,US
12719,US
15313,CA
12590,US
7501,US
1809,DE
1809,US
13768,US
1430,US
19973,US
8051,US
70443,FR
12779,IT
12779,GB
15992,AU
15992,US
565,JP
565,US
14112,US
15192,US
10285,US
11009,US
10805,US
17496,US
47942,US
15668,US
30709,US
19429,US
21294,CA
42142,DE
11644,US
36133,US
6399,IT
6399,US
36220,US
225,PL
24274,US
33016,US
26444,US
10863,GB
31679,US
15902,US
12579,FR
23668,US
11646,AU
16124,NZ
42149,US
73247,US
46364,GB
38665,US
265,DE
41394,US
39874,CA
19507,US
42146,US
17450,US
31646,IT
31646,US
31646,NL
41280,US
35935,US
9645,AU
9645,US
9012,US
41645,DE
41645,ES
1360,MX
1360,US
1360,CA
13441,US
48155,US
1941,US
8427,US
9021,US
13526,FR
13526,US
9280,CH
9280,FR
65,US
10712,US
27204,FR
672,DE
672,GB
672,US
30192,US
2165,CA
2165,DE
11617,US
81530,AU
34341,CA
18993,GB
18993,US
11880,LU
11880,GB
11880,US
1377,US
2528,FR
12716,FR
13888,US
25566,US
43089,AU
47888,US
9538,CA
49934,BA
49934,RS
47890,NL
47890,US
69014,IT
69014,FR
42371,US
11524,US
36669,GB
36669,US
10426,US
8198,US
204372,AR
13376,US
15074,US
2103,US
9016,US
5261,DE
20992,RU
6007,NO
42453,US
35612,CA
10880,DE
13945,US
14433,GB
9932,AU
9932,US
13369,US
2757,US
7299,US
22257,PL
17360,US
31695,US
31665,US
40219,US
45840,US
16363,US
22023,US
171,FR
26639,GB
42124,US
11564,CA
67772,US
4202,DE
4202,FR
4202,PL
13497,US
7303,US
201,US
2755,US
33504,ES
21868,IE
21868,US
99826,US
121,NZ
121,US
25838,CN
1429,US
13435,US
3131,US
3131,IT
2642,AU
2642,US
11022,CA
11022,US
9491,US
2149,DE
2149,US
20139,US
32074,US
25848,IT
25848,US
11317,US
11706,IT
11706,US
42569,US
21143,GB
61578,FR
61578,GB
20424,US
4435,IN
18002,GB
640,US
10599,IT
10599,US
1574,US
590,US
423,FR
423,DE
423,PL
423,GB
41084,US
16225,CA
16225,DE
4912,US
12090,DE
12090,US
35172,BE
35172,FR
9582,US
10628,AU
10628,US
11078,US
598,BR
598,FR
8073,FR
20813,FR
20813,IT
53027,US
26252,FR
24742,US
19415,US
10727,AU
10727,US
14469,US
20663,US
29463,US
39349,US
12253,US
9358,US
1647,US
9027,FR
9027,GB
9027,US
125945,IL
125945,FR
125945,IT
21189,GB
21189,US
10894,US
34783,GB
34374,CA
34374,GB
12490,DE
12490,GB
12490,IE
12490,US
35185,GB
8286,FR
8286,IT
4193,GB
10724,US
32065,US
37917,US
70011,US
210092,CA
3028,US
8219,ES
10150,DE
10150,GB
10150,JP
10150,US
15600,US
79257,US
27726,US
21923,US
46925,US
37607,US
48249,US
9699,GB
9699,US
11057,DE
9919,DE
9919,US
6038,HK
6038,US
9480,US
14873,AU
14873,US
13132,US
1956,US
1956,AR
212058,US
12139,US
18587,US
17264,US
2984,GB
33221,IE
33364,US
33851,GB
4911,DE
4911,GB
4911,US
16072,US
11615,DE
11615,GB
11615,US
11635,US
14293,US
41820,AU
10623,US
21801,US
14633,IR
10678,US
9567,US
455,IN
455,DE
455,GB
455,US
10632,US
10929,US
36362,US
4762,DE
125413,US
12157,FR
12157,AU
12157,US
2671,JP
9669,JP
42618,US
41164,US
9557,DE
9557,US
11523,US
14675,US
49845,FR
29912,US
28881,US
10782,US
9341,US
9341,CA
9341,DE
9776,US
10735,US
25461,US
17057,US
79615,US
8409,DE
8409,US
1817,US
21052,FR
21052,US
9506,US
14290,US
24982,MX
24982,US
2662,US
11817,US
24621,US
13370,US
8326,US
11516,CH
11516,DE
11516,ES
11516,FR
11516,IT
10514,US
1714,GB
16651,US
24961,US
31633,US
20978,FR
47762,US
10743,CA
10743,DE
10743,US
31459,US
31932,US
16636,US
18736,US
36658,US
10708,US
22958,FR
22958,GB
22958,US
251053,US
45069,US
21024,US
22201,US
11424,US
34857,US
604,AU
604,US
10720,DE
10720,US
1555,FR
12,US
9654,GB
9654,US
9902,DE
9902,US
2260,US
584,US
1088,NZ
47423,HK
43239,US
59950,FR
26593,US
33564,US
15462,US
11145,US
111815,US
37264,US
11890,US
11916,MX
11916,US
14551,US
43490,US
290,GB
290,US
42640,US
10243,US
47684,GB
2527,IT
2527,FR
18780,GB
19728,GB
14817,US
49842,FR
30708,US
38765,MX
38765,US
29627,GB
36372,GB
36372,US
30529,FR
30529,DE
30529,IT
30529,CH
2071,US
43516,US
32489,US
48864,US
10152,US
31246,US
11375,US
20694,US
24985,DE
24985,GB
18300,FR
18300,GB
185465,US
17813,US
4708,FR
4708,US
35068,GB
35669,GB
170,GB
9471,US
12800,IT
9581,HK
117179,US
216,DE
47676,US
45139,US
44736,GB
44736,RS
18569,US
113739,US
52758,US
38171,US
61225,US
18886,US
19957,US
42176,US
39231,US
18722,US
18722,JP
43039,GR
43039,US
40634,US
20645,JP
33454,US
6949,US
1927,US
10327,US
14411,US
296,DE
296,GB
296,US
302,FR
302,GB
22,US
46993,BR
46993,FR
8698,CZ
8698,DE
8698,GB
8698,US
61545,IL
34840,FR
17920,GB
8961,US
9486,FR
9486,GB
3472,GB
24259,FR
24259,BE
41453,JP
24558,US
12649,GB
44916,US
24356,US
24356,GB
1996,US
1996,DE
1996,JP
1996,GB
4464,US
12279,US
33339,US
47232,IT
47232,GB
71714,MX
71714,ES
54580,ES
54580,FR
54580,IT
12530,IT
12530,US
45096,US
29805,ES
29805,GB
29805,US
24993,US
53021,US
5185,GB
4984,US
8273,US
10330,US
9257,US
17180,JP
15292,US
12491,IT
41660,US
27814,US
33954,IT
47278,US
24192,IT
24192,FR
833,IT
42470,US
3101,US
6466,CA
6466,IT
6466,US
20210,US
2055,US
14926,US
2771,US
1778,US
44408,FR
10923,CA
10923,US
17745,US
114776,US
18573,US
37451,US
41759,US
37227,CA
37227,US
48791,NL
48791,GB
48791,DK
48791,FR
48791,DE
41944,GB
8992,US
35371,US
19053,US
11206,US
49762,US
13154,US
54898,FR
636,US
3055,US
40920,US
54986,KR
11898,GB
26198,GB
43226,JP
35073,US
9051,US
9362,US
19542,GB
936,US
10999,US
33521,US
33521,GB
36629,US
12722,CH
38304,FR
124839,SI
124839,US
6619,IT
6619,FR
32316,US
15920,CZ
21413,US
38874,ES
38874,FR
38874,IT
38874,MX
16405,DE
16405,IT
16405,MK
16405,GB
178675,CH
178675,US
178675,DE
99648,AR
99648,NL
11351,US
333,CA
30246,US
22200,GB
13778,US
9616,DE
9616,US
55015,US
1415,NL
1415,US
31094,AT
31094,DE
31094,FR
31094,GB
11547,US
7270,US
1428,US
153,JP
153,US
15136,HK
4703,US
27590,US
14603,US
10617,HK
10618,HK
10619,HK
11293,US
36759,US
38960,SE
40775,GB
9584,GB
9584,US
8408,US
8408,JP
14030,US
2687,FR
2687,US
16323,US
39859,GB
74585,IT
74585,US
23325,US
16790,US
19064,US
34564,AU
34564,US
25241,US
43041,US
28942,CA
37025,US
12767,CA
12767,GB
12767,US
13156,US
277,DE
277,HU
277,GB
277,US
9707,US
24488,FR
36791,GB
7288,DE
7288,US
10159,US
10934,IT
10934,US
5653,DE
321,CA
20,CA
20,ES
18113,US
5168,FR
9662,FR
9662,BE
9662,CA
9662,GB
837,CA
19666,IN
821,DE
821,US
41834,FR
41834,CH
41834,TR
41834,GB
1358,GB
2200,CZ
2200,XG
11475,FI
11475,SE
776,FR
11703,BR
11703,US
891,US
83714,US
12531,FR
12531,ES
12531,IT
10881,JP
10881,PL
11832,DK
51300,FR
51300,RU
11806,US
10438,US
36349,US
10337,US
8446,GB
9874,US
11477,ES
37753,US
29161,IT
21627,US
9501,CA
9501,FR
9501,JP
9501,US
49291,CN
49291,HK
4543,GB
11707,US
7442,US
14425,US
6723,US
13343,US
16969,US
11338,US
13339,US
28761,US
25237,RU
41780,GB
41780,US
9871,CA
9871,US
33258,US
71940,US
26850,GB
26850,US
70709,US
70709,GB
70709,JP
20238,US
33783,US
47898,US
19171,US
55950,US
39916,DE
39916,IT
31634,US
45203,US
14874,CA
14874,US
32082,US
25269,US
29449,US
29449,GB
78146,US
88641,US
30315,US
13765,GB
12772,US
47866,US
18900,US
62124,FR
3087,US
14282,JP
29451,US
21219,US
2116,US
1584,DE
1584,US
2056,US
4997,CA
4997,US
8439,BR
322,US
11059,CA
11059,DE
11059,US
11775,US
24,US
10930,FR
21059,US
49475,FR
11329,US
9373,US
1550,US
28200,GB
10629,IE
10629,GB
10629,US
9839,DE
9839,US
13920,US
4256,US
10009,US
1807,US
37922,US
50374,US
20312,CA
20312,US
59809,US
135890,US
2348,US
28658,US
27450,GB
62327,US
897,IN
11657,FR
11657,IT
224,PL
10922,FR
10922,DE
10922,US
43708,US
13537,CA
13537,US
605,US
605,AU
10719,US
10719,DE
266741,US
1277,DE
1277,HU
508,GB
508,US
197563,FR
11846,US
10715,DE
10715,US
8619,US
21525,US
12146,US
4970,US
470,US
11042,CA
11042,FR
10147,DE
10147,US
10756,US
9562,US
36068,BE
36068,FR
40913,GB
9556,US
1702,GB
19184,FR
24203,US
9065,DK
9065,ES
9065,CH
9065,DE
9065,FR
9065,SE
44479,US
10234,AT
10952,US
860,US
48035,DK
22744,US
17831,US
780,FR
31510,US
234,DE
899,US
8289,US
11583,GB
11002,GB
11002,US
6472,US
5143,US
11384,US
5227,US
8010,AR
8010,FR
8010,GB
10410,US
47095,IT
47095,US
10407,US
9292,US
11850,US
2297,FR
2297,US
951,US
10804,US
5765,DE
5765,US
9319,US
1643,FR
1643,IT
2007,US
10995,FR
10995,GB
10995,VN
2612,US
3112,US
10413,US
2611,US
1825,US
10538,US
11092,US
18410,US
14904,AU
19065,US
9261,TW
9261,US
5336,IT
5336,FR
23908,US
14671,US
11509,US
10729,US
20763,US
2047,US
10021,US
11634,SE
11634,DK
14746,US
11824,US
8222,ES
20067,US
12395,US
9846,US
11986,FR
483,US
10166,GB
10166,US
11018,US
11676,US
28293,US
3681,FR
3681,US
43875,US
31798,US
17641,US
898,US
618,US
19120,IT
19120,FR
11316,GB
3089,US
29845,US
995,US
1594,GB
1594,US
11839,US
1976,US
3062,US
34456,US
42045,US
25016,GB
15927,GB
15927,US
79,CN
70881,US
37749,US
81,JP
70423,US
10023,US
11519,US
72087,GB
72087,US
18857,HK
33517,DE
33517,FR
33517,IT
74544,GB
42740,GB
42740,US
11811,US
25431,US
17685,FR
17685,IT
48129,US
18904,US
37719,US
9063,DK
255,FR
10028,US
616,JP
616,US
616,NZ
587,US
21542,US
6964,US
1792,US
3635,GB
3635,LU
122,NZ
122,US
11820,US
8696,GB
12698,US
19187,US
11093,US
47952,GB
504,US
11007,US
2289,US
2289,GB
2289,RO
2289,IT
9620,CA
9620,US
10601,GB
10601,US
13433,AU
35712,FR
5966,US
24034,US
10718,AU
10718,US
11034,US
26983,US
52867,US
44801,US
31395,US
34151,GB
34151,US
15797,US
9548,US
34681,US
6277,CA
6277,FR
6277,GB
6277,US
11429,ES
43049,US
778,FR
3088,US
23567,US
102057,US
22584,US
27725,US
5205,US
2017,US
14239,US
55448,US
21779,US
4917,US
29933,PL
3059,US
22727,US
28586,US
56157,US
42514,US
1954,CA
1954,US
13476,US
11194,GB
12634,US
15708,US
21301,US
20483,US
14292,US
1278,FR
1278,IT
1278,GB
29493,US
29464,US
30566,US
11023,US
35227,US
11221,US
1824,US
16784,DE
16784,US
11083,NO
11083,SE
11951,US
43376,FR
28963,US
2576,US
22561,IT
12775,NL
12775,ES
12775,US
9838,US
8842,DE
8842,US
11132,DE
11132,US
9352,US
615,US
11217,US
13572,DE
13572,US
338,DE
2023,US
2023,MA
9384,US
25935,ES
25935,GB
42602,SE
70113,US
41876,DE
41876,IT
42989,GB
17047,US
10591,US
1586,US
11169,DE
11169,US
2778,US
10433,US
924,US
38,US
11081,US
16941,IE
16941,GB
9541,US
20304,US
11024,US
553,DK
553,FI
553,FR
553,DE
553,IT
553,NL
553,NO
553,SE
553,GB
1487,US
13700,US
11358,US
10733,US
14442,IE
14442,GB
25300,IT
25300,ES
25300,GB
26636,DE
26636,US
26636,FR
6844,US
923,IT
923,JP
923,US
10338,GB
95548,US
92331,US
4365,US
86182,GB
65066,US
10843,US
65332,IT
34303,CA
34303,US
15673,US
7220,DE
7220,US
237,FR
237,GB
10096,US
9509,GB
9509,US
10710,US
11058,CA
11058,US
11141,DE
11141,IE
11141,GB
10625,US
7131,CZ
7131,US
652,US
652,MT
652,GB
8440,BR
883,US
38018,FR
96461,CA
34377,US
20375,FI
10375,US
12503,US
11864,US
9461,HK
9461,US
57811,BR
18329,HK
17993,US
37447,US
238952,FR
43341,US
667,GB
700,GB
700,US
36670,DE
36670,GB
36670,US
44864,SE
43818,US
41003,US
294,US
11507,US
17538,US
1162,US
34328,US
34328,GB
47108,FR
47108,ES
14684,US
13937,US
118617,GB
118617,IR
14980,CA
14980,US
26670,US
988,US
9356,US
32430,US
16113,IL
16113,US
33575,US
25508,US
42205,US
9624,US
37296,US
25736,US
9872,US
94771,FR
26133,US
11533,GB
11533,US
2817,IT
2817,FR
2817,CH
2817,GB
781,DE
3777,JP
24065,US
39907,TH
10604,US
10604,GR
44098,US
141003,US
9545,PE
9545,US
16514,US
1926,BA
1926,BF
1926,EG
1926,FR
1926,GB
1926,IL
1926,IN
1926,IR
1926,JP
1926,MX
1926,US
31112,US
17365,US
11474,US
10921,US
33157,IT
33157,RU
4923,IE
11656,SE
16284,DE
16284,GB
14594,US
14590,US
14595,US
9459,US
465,FR
192936,DE
876,CA
876,DE
876,IT
876,US
876,RU
1583,DE
17653,HK
11069,US
108055,US
45044,FR
8468,CA
8468,US
39043,GB
11577,US
40810,JP
40812,JP
36206,US
23330,US
3075,GB
222,DE
42688,US
25598,JP
25598,US
33357,FR
33357,IT
21948,US
26940,US
11030,US
29453,SE
14703,US
35806,US
3547,US
28415,US
28415,JP
20481,US
5481,IT
5482,IT
5485,DE
5485,IT
7090,FR
7090,NL
7090,US
42632,US
5902,GB
5902,US
12762,US
14510,US
15618,US
10690,IE
10690,GB
10690,US
40028,US
13282,US
29235,US
42725,US
22627,US
33731,US
13823,GB
13823,US
13823,ZW
5916,US
105130,JP
203,US
29740,US
10652,US
34288,US
26268,US
25853,US
68430,US
3072,US
14554,US
15392,US
54715,US
25504,US
1786,DE
1786,FR
1786,IT
39844,CA
39844,US
43011,FR
43011,IT
43011,US
29146,US
439,IT
439,FR
823,JP
20289,US
11548,US
41204,US
20532,JP
2546,FR
5165,IT
5165,FR
5722,US
19128,FR
19128,DE
19128,IT
14696,JP
51515,BR
51515,US
19185,US
36786,US
27459,US
33560,GB
42728,US
11044,FR
11044,US
31526,US
41662,US
95015,US
33738,US
18274,US
13763,US
10498,US
11796,FR
31675,GB
34847,US
4879,GB
24774,JP
41779,JP
41779,US
1994,US
42814,US
870,JP
96255,US
25495,GB
25495,US
26319,US
45938,GB
15573,US
41059,US
39871,US
10178,US
16391,GB
42997,GB
10734,US
10949,GB
258236,US
809,US
435,US
4599,US
12657,US
28219,US
24190,AT
24190,DE
24190,FR
673,GB
673,US
16617,FI
16617,NL
16617,GB
16617,US
246,JP
2789,US
8920,US
9890,US
26886,JP
8193,US
47821,FR
47821,GB
26142,US
42122,GB
65137,US
27017,US
11546,US
59427,GB
18387,US
71125,US
41774,IE
41774,GB
41774,US
52959,US
17481,US
27118,US
42345,US
18398,US
20849,US
16661,US
33441,JP
47819,DE
47819,US
21793,US
18712,US
831,US
37658,US
26516,US
113290,US
54568,US
27686,US
123665,US
43336,US
41495,US
52362,US
49633,US
43805,US
44695,US
31217,JP
12651,JP
12651,GB
12651,US
886,US
27554,US
26973,US
9542,US
17820,US
26175,US
31146,JP
31146,US
20506,JP
136,US
10970,US
28162,GB
42812,US
20676,US
3019,US
29353,US
17761,US
10204,DE
10204,IE
10204,GB
10204,US
3515,GB
3515,US
9472,DE
9472,US
594,US
8981,GB
11036,US
1997,FR
1997,GB
15237,GB
15237,US
19096,US
72096,US
11939,US
47555,US
24236,US
80218,US
26520,US
29456,DK
21386,US
24908,FR
36947,AU
36947,FI
36947,NO
36947,CA
54028,US
10448,US
14365,GB
14365,US
29383,FI
10606,US
42988,US
16136,US
42407,US
6081,GB
6081,US
12577,CA
12577,FR
12577,GB
36561,DK
36561,FR
36561,DE
36561,NO
36561,SE
49814,GB
13696,US
44494,FR
15484,US
2330,FR
2334,FR
2912,FR
701,US
10631,US
2202,US
76076,US
10780,US
3484,US
26596,US
29264,MX
1777,US
11584,US
26811,GB
54022,US
23522,FR
23522,US
22094,US
11884,US
21871,US
30876,IT
558,US
80,US
9477,IE
9477,GB
9477,US
8699,US
11247,CA
11247,US
2048,US
2048,DE
61391,US
31948,US
46495,US
65994,US
30054,US
36627,PL
11897,US
58925,IT
58925,FR
2502,DE
2502,US
314,US
18923,US
146373,US
5228,US
12206,DE
16539,NL
75046,US
26126,IE
15876,US
26300,US
12625,US
46767,ES
55848,IT
55848,FR
43417,US
15244,FR
62395,IT
62395,ES
47615,US
39209,US
39209,DE
20876,US
43786,US
72613,US
43787,US
27437,US
20316,AR
20316,ES
41925,IT
41925,GB
41925,US
22871,US
42347,GB
42347,US
39140,US
41463,US
19051,SE
19051,US
43885,US
112969,US
62694,US
53287,JP
53287,US
29584,US
32644,US
89482,ES
24214,US
5122,US
42469,GB
10910,GB
26814,US
43116,US
39269,CA
31522,FR
31522,IT
22976,GB
22976,US
45608,GB
45608,US
9680,US
42801,FR
42801,IT
12627,FR
12627,CH
86404,FR
53198,US
53198,IT
65156,US
52741,US
15081,US
64877,US
16703,US
20298,US
19974,US
4201,AT
4201,US
39868,US
13580,GB
18706,US
34327,US
43013,US
38505,FR
41940,CA
20417,US
14652,FR
69526,GB
14462,US
14623,GB
14623,FR
6947,US
401,US
25361,GB
45522,US
45522,RS
23750,GB
44289,LU
44289,GB
25536,HK
17768,GB
17768,US
27375,US
1538,US
14846,US
2577,GB
52936,ES
52936,US
52936,JP
52936,DE
52936,FR
52936,IT
46884,US
33333,JP
16606,KR
60760,FR
11282,US
11130,US
395,CA
395,CZ
395,DE
395,GB
395,US
11052,JP
11052,US
23601,US
23601,CA
10762,US
45598,US
8745,US
45335,US
18690,US
36912,US
46081,US
40087,JP
40087,US
20120,US
44415,US
11237,US
8080,DE
8080,GB
8080,US
11632,GB
11632,US
16153,US
13559,US
66566,US
124,PL
19893,US
42264,US
24924,US
17994,GB
17994,US
60437,US
49069,DE
49069,US
31117,DE
31117,GB
31117,US
9759,DE
9759,US
1577,GB
1577,US
1577,DE
1577,FR
1577,CA
16232,US
11823,FR
11823,GB
2003,FR
18804,CA
18804,GB
13969,US
10145,US
26486,US
13702,US
1653,BR
1653,AR
1653,CL
1653,FR
1653,DE
1653,PE
1653,GB
1653,US
747,GB
747,US
747,FR
84214,US
84655,US
4176,GB
11177,US
43839,US
70345,US
88174,US
27815,US
12707,US
54979,MX
42172,US
62697,US
31655,US
27498,US
1492,FR
1492,CR
1492,ES
1492,GB
1492,US
8689,IT
10555,US
11128,US
22842,US
1599,DE
1599,US
11045,FR
11045,US
15503,US
26108,GB
26108,US
26108,DE
4380,US
3989,DE
3989,US
16358,DE
16358,GB
16358,US
25313,US
2438,US
55457,US
101887,US
21241,US
21241,HK
3053,GB
3053,US
28356,GB
12456,BE
12456,CH
12456,DK
12456,FR
18499,CA
36616,US
41936,FR
13416,US
11099,CA
11099,DE
11099,US
12483,CA
12483,DE
12483,US
2319,US
15566,US
1970,JP
1970,US
8849,GB
8849,US
9675,US
4553,US
4553,ES
11109,GB
11109,FR
202587,GB
202587,US
16131,US
9391,GB
176,US
1677,US
10740,FR
10740,DE
10740,US
10740,GB
9806,US
19614,US
12777,DK
12777,DE
12777,JP
12777,NL
12777,SE
12777,GB
12777,US
47959,IT
47959,FR
47959,ES
47959,RO
47959,GB
5255,US
11249,RO
11249,US
10589,US
9801,FR
9801,DE
9801,IE
9801,GB
9801,US
866,GB
866,US
4251,IN
2059,US
140,ES
11836,US
17818,US
1966,FR
1966,DE
1966,IT
1966,NL
1966,GB
1966,US
13673,US
174787,US
26347,CH
26347,FR
2288,US
9550,CN
9550,HK
163,US
36648,US
15788,US
18973,US
15787,US
35189,US
43670,DE
43670,US
58182,US
33740,US
74719,US
15613,US
151848,US
30719,US
50085,US
42401,US
30996,US
2972,DE
71065,US
42510,US
36841,US
57283,DK
57283,SE
27511,US
96713,US
992,US
3060,US
42359,US
964,US
939,US
31411,US
3061,US
27517,US
42538,US
27899,US
13911,US
51394,US
43132,US
877,US
28268,JP
28046,GB
31511,US
43130,US
43595,US
43149,US
50073,US
43904,FR
46910,US
22614,GB
43889,US
43896,US
17907,US
24807,US
23389,US
38721,US
16515,US
27973,US
37650,US
43867,US
46688,US
16274,US
55207,GB
31868,US
37698,US
55604,US
26635,US
17801,US
26201,US
29884,US
33112,US
28789,US
43799,US
18790,US
43522,US
36612,US
23336,US
27655,US
43306,US
33049,US
41355,US
47352,US
43518,US
21622,US
51144,SE
35006,US
50066,US
18229,US
18771,US
41020,US
14320,GB
26701,US
43469,IT
82101,US
31980,US
29244,US
43452,US
29380,US
37347,US
35032,US
29885,US
43439,US
61828,US
25209,US
15390,FR
17409,US
43388,US
32690,JP
43390,US
41464,IT
30801,US
11402,GB
35861,JP
20127,US
23620,US
3111,US
94123,US
803,FR
31374,JP
46007,US
33319,JP
28100,US
19742,JP
44134,GB
15697,US
43234,US
54541,US
44559,GB
30637,GB
43119,US
43051,US
58997,US
31427,JP
27029,US
690,FR
46918,JP
52841,US
50474,US
50474,MX
79827,US
34530,JP
109667,US
16103,GB
11085,US
28367,US
52705,IT
52705,FR
39222,GB
751,GB
42798,US
61892,US
25253,FR
25253,DE
25253,IT
37684,US
15421,GB
15421,US
10299,US
26031,US
7348,US
151138,FR
151138,DE
151138,IT
151138,US
13187,US
17102,GB
37921,US
60555,US
42731,US
3482,FR
3482,US
2661,US
10227,FR
10227,IT
26039,US
42702,US
41212,US
18193,US
42634,US
50789,GB
29266,RU
5638,US
49397,IT
42607,US
40430,GB
24152,GB
1846,US
21323,LU
21323,FR
21323,DE
29748,GB
70327,JP
2860,FR
42589,US
26606,GB
839,US
16328,US
42500,US
34479,GB
5822,US
11378,FR
11378,IT
1410,US
86889,GB
56764,US
27084,US
31596,US
22307,US
21964,HK
21035,NL
32044,US
62761,AU
36665,FR
36665,CH
27977,US
37627,GB
37627,US
5618,FR
28209,FR
1835,US
70259,US
10711,US
19740,US
32042,US
10640,US
26842,LY
26842,KW
26842,MA
26842,LB
26842,GB
42252,US
11558,US
5651,US
12535,US
54140,GB
54140,FR
54140,CH
38985,US
61280,US
72412,US
11935,GB
11935,US
24998,US
13514,HK
113777,US
98851,US
11537,HK
33701,FR
19827,US
18966,US
114516,US
86295,AU
86295,NZ
86295,US
13633,US
6341,US
11948,NZ
11948,GB
11948,JP
11948,AU
42115,MQ
42115,FR
232,US
47892,US
19258,US
22998,US
15301,US
11609,GB
31939,GB
30278,GB
46088,FR
46088,LI
46088,CH
1884,US
10179,US
47874,US
47359,US
27414,US
8221,ES
17663,US
8868,FR
54407,AU
10372,US
27064,JP
27064,US
16082,US
9318,FR
26555,US
24657,SE
24657,FR
24657,GB
41480,US
36677,US
11471,HK
27342,US
2172,NO
8852,US
18305,HK
8677,US
41959,US
48309,US
93457,US
41967,CA
16859,JP
38695,FR
2927,DE
119324,GB
25943,US
71373,GB
60778,US
27274,US
10485,US
9569,US
22189,US
71805,US
71805,NO
71805,SE
9399,US
59058,GB
1662,US
1662,GB
41783,CN
41783,DE
41783,GB
58648,US
25330,US
17467,HK
17467,JP
34376,US
5048,GB
5048,FR
5048,NL
25674,US
21338,US
147164,RU
13995,US
13995,HR
11198,JP
11198,HK
41678,RO
41678,FR
19143,US
27381,US
11621,JP
47714,FR
47714,IT
47714,CH
19087,US
40082,FR
40082,US
31962,GB
31962,US
22590,US
14135,AU
14135,IT
27678,US
83599,AM
83599,DE
83599,CA
17811,HK
12088,AU
12088,US
48706,US
7500,JP
11143,HK
13519,US
18998,US
8983,DE
271304,AU
58416,FI
152426,US
16233,US
63054,GB
27318,US
30330,US
100167,GB
100167,US
148478,FI
9956,US
9092,US
18415,US
116008,US
37517,AU
8765,IT
35638,US
5470,US
5470,FR
10213,US
12095,US
44625,US
88421,CA
88421,US
344,DE
14439,US
41227,CA
27260,US
50173,JP
23356,US
55257,FI
21210,IN
18491,JP
11854,IN
29587,US
15319,FR
15319,JP
2332,FR
40476,IL
40476,FR
31774,US
19362,GB
19362,US
31161,JP
54491,US
13439,AU
844,DE
844,HK
844,CN
844,FR
844,IT
29512,CA
29512,US
29512,FR
2463,HK
32166,CA
32166,FR
32166,US
9439,ES
52666,PL
71138,JP
49671,GB
49671,US
49671,DE
36246,JP
17208,US
26245,US
73952,AU
73952,US
73952,NZ
45418,HK
18836,US
10757,IN
2899,FR
2899,DE
18088,DE
18088,GB
27259,FR
27259,GB
10836,ES
10978,SE
81540,GB
81540,DE
81540,US
11847,HK
41714,NO
41714,US
11056,ES
11056,US
13437,US
13437,FR
13437,CH
6382,AU
36243,JP
10726,US
44793,CA
71099,CA
14752,IN
100973,SE
30839,JP
36222,JP
97754,ES
11427,FR
11427,US
18072,GB
4689,KR
8441,BR
12720,JP
21041,FI
21041,SE
5552,GB
5552,FR
5552,IT
8325,US
26955,KR
4326,DE
36730,GB
36730,US
36730,IT
45572,KR
22076,BG
22076,US
16973,US
24241,US
14245,US
11774,DE
11774,US
16765,US
2841,FR
363,DE
363,TR
12140,JP
4254,IN
15370,JP
16635,GB
16635,IE
16635,ZA
23520,US
23520,AW
12496,JP
22618,CA
29987,GB
29987,IT
29987,TR
29987,PT
14527,CA
12542,CA
12542,GB
12542,HK
100594,FI
14455,JP
24092,JP
21200,FR
670,KR
21513,JP
21513,US
9667,DE
9667,US
13373,GB
10304,US
1913,ES
1913,FR
1913,IT
45693,CA
2539,US
15177,NO
5528,CH
5528,DE
5528,FR
10105,US
38398,SE
38398,NO
179,FR
179,DE
179,GB
179,US
83,US
12653,ES
12653,GB
32233,CN
32233,HK
24860,BE
24860,NL
24747,US
4836,GB
18711,US
11866,US
12281,US
10320,US
30973,CA
30973,GB
12086,CL
12086,FR
12086,ES
12086,GB
11420,CA
11420,US
81792,JP
1404,BE
1404,DE
1404,IT
1404,ES
1404,GB
62276,RU
464,SE
40974,CN
20912,US
5889,JP
31781,US
1392,US
1843,US
291,FR
291,US
51363,US
8357,US
24674,HK
24674,SG
3509,US
11662,JP
13372,US
36678,US
23319,US
41171,CA
41171,US
38724,US
12487,JP
205,CA
205,GB
205,US
205,IT
205,ZA
46761,FR
43872,US
5183,US
28055,MC
28055,FR
28055,IT
12597,US
118,AU
118,GB
118,US
88288,US
421,US
2567,US
9833,GB
9833,US
6478,DE
6478,GB
6478,US
9692,US
693,US
842,US
9953,US
57564,TW
15045,US
42420,IT
1853,US
11804,CA
11804,GB
11804,US
19803,US
11354,US
61049,US
41384,US
14677,US
93462,US
64334,FR
43442,US
25033,GB
21259,US
22301,US
21030,US
79008,US
120328,US
26426,US
18627,JP
34326,JP
42257,US
59143,US
58097,BE
58097,IT
58097,ES
25350,BE
25350,DE
25350,US
16442,US
42223,FR
20719,PL
16220,US
23832,ES
23832,FR
23832,IT
54794,US
2091,US
11633,JP
35031,DE
35031,FR
35031,IT
12127,DE
12127,SE
13563,US
9947,CA
9947,US
6439,US
6439,ZA
7214,DE
7214,US
43504,US
24749,US
17657,US
26488,DK
26488,ES
27429,CA
19610,US
27549,US
8422,IT
8422,FR
49696,FR
49696,IT
34778,US
25970,US
39504,BF
39504,CM
39504,FR
39504,MA
39504,SN
39504,TN
14883,US
10694,US
342,DE
613,AT
613,DE
613,IT
273,DE
8978,US
8978,FR
11637,US
12142,CA
12142,DE
12142,US
11096,US
8968,US
6961,US
31165,FR
31165,IE
31165,GB
11413,US
24962,CA
24962,US
41851,US
11343,US
661,DE
10310,DE
29259,FR
29259,IT
55624,DE
2436,US
20196,US
6317,DE
6317,NL
43141,US
41968,IN
41968,GB
34090,NL
42011,JP
7454,US
63617,US
37198,US
4935,JP
8953,JP
10951,HK
41569,DE
8488,US
12228,US
32588,US
57825,GB
57825,US
561,DE
561,US
10214,DE
10214,US
17880,US
8340,IR
8340,FR
8340,IQ
6414,TH
27202,US
1942,GB
21433,US
52778,US
3040,RU
44875,US
43128,US
42641,US
13498,US
29993,US
9470,CN
9470,HK
36867,JP
27042,US
37232,BT
37232,GB
37232,AU
19765,AT
19765,CZ
19765,SK
43492,US
54302,GB
54302,US
4710,SE
4710,FR
26243,US
52943,ES
25103,GB
25103,US
5204,HU
89065,IR
4974,FR
30331,CA
30331,US
258,FR
37601,PT
37601,ES
31532,US
34614,DK
34614,SE
51177,US
10012,DE
10012,US
10022,CA
10022,US
4551,US
30856,US
2026,DE
2026,US
9928,US
29735,US
76264,US
76804,US
82432,US
3115,JP
6593,JP
116698,US
76403,PH
76403,US
34093,FR
54380,PT
54380,ES
54380,IT
54380,FR
36815,IT
36815,US
37598,US
33539,GB
33539,US
22377,US
18047,US
24546,JP
24546,TH
37988,FI
40916,US
42837,DE
13374,US
13374,CA
9688,US
11638,US
540,US
23916,US
52277,IS
32208,AR
48598,DE
48598,AT
48598,CH
42622,US
19884,JP
24922,HK
22434,US
12778,US
42106,ES
16198,JP
158,BE
158,DE
158,NL
16301,US
14573,KR
28448,ES
28448,MX
28448,US
38155,HK
27030,FR
27030,IT
22595,US
42994,JP
47237,DE
47237,US
17113,US
187,US
14177,US
11431,DE
11431,US
27271,US
51945,FR
16551,US
26332,US
45220,US
52663,KR
44181,US
37214,US
62637,KR
50435,FR
31219,AU
47406,FR
47406,IT
49225,AU
42691,IT
42691,MA
74948,US
74948,CH
74948,GB
74948,FR
74948,IT
14689,US
31321,CZ
31321,SI
9653,DE
27883,US
43824,US
41954,DE
41954,FR
41954,US
42611,FR
42611,CH
42611,DE
54156,FR
54156,DE
39225,US
40633,US
4595,FR
26182,US
42260,DE
36971,ES
36971,UY
36971,AR
36971,DE
7342,CA
7342,US
45267,IT
45267,FR
13618,US
9636,US
9636,AW
32128,US
36984,US
69069,AU
124083,SN
124083,FR
124083,DE
124083,US
185987,JP
34595,AU
39851,GB
39851,FR
39851,CA
84084,US
7453,US
10065,US
30863,US
49920,US
31065,NZ
31065,US
22033,GB
68883,HK
43379,IT
9393,DE
16972,US
21325,JP
13409,US
24363,US
8976,US
27360,CA
27360,US
29078,US
13020,US
11679,US
1495,DE
1495,MA
1495,ES
1495,GB
1495,US
10066,US
1640,DE
1640,US
83995,GB
42626,FR
42626,GB
43881,US
43344,MX
41131,US
41131,CH
31414,DE
31414,HU
31414,CH
13384,GB
9463,JP
13163,US
21997,MX
21997,US
30624,US
44658,IT
44658,RU
44658,US
48130,US
48130,PL
43271,PT
43271,ES
43271,DE
43271,IT
63066,UY
18050,US
31819,US
11628,DE
11628,IT
10913,DK
10913,FR
10913,GB
10027,FR
10027,GB
10027,US
43429,AR
43429,ES
19413,IT
11139,CA
1279,KR
1895,US
9981,US
4379,US
4379,DE
31200,GB
37215,US
56946,CH
56946,FR
56946,AM
56946,IT
11019,DE
11019,GB
28423,US
14694,CA
34856,HK
27,GB
19398,NL
43506,US
953,US
42268,GB
13064,US
12700,US
9291,US
19316,US
34309,US
921,US
9779,US
9787,DE
9787,US
16932,FR
23825,DE
23825,US
787,US
14199,US
9528,GB
12109,CA
12109,GB
47945,US
18289,JP
43471,US
65579,GB
3011,US
11620,US
5845,JP
15767,JP
11451,US
25312,GB
25312,US
11683,CA
11683,FR
11683,US
2287,US
18497,DZ
18497,ES
18497,FR
18497,MA
43888,US
2994,IT
2994,FR
2994,US
1382,US
9534,IT
9534,ES
9976,US
276,AT
276,DE
28000,US
38731,US
42491,US
42488,SE
120747,US
115565,US
28455,US
18503,IT
22553,US
34308,FR
34308,DE
34308,IT
34308,RO
34308,GB
34308,US
11588,GB
11588,US
11588,DE
74,US
28270,US
4889,GB
1667,FR
78293,FR
18257,US
7233,US
78344,IL
73376,US
73376,RU
73376,IT
9009,US
9738,DE
9738,US
14278,US
55650,SE
125360,US
9522,US
14922,US
17599,US
48232,US
26654,US
1826,FR
1826,GB
43100,FR
43100,IT
84079,US
21115,KR
38530,PL
14646,FR
10476,US
11309,GB
11309,US
34012,US
21366,US
1635,US
13341,US
1665,US
9775,ES
11459,US
10048,US
11648,US
15258,US
42719,GB
72899,GB
57866,US
10542,DE
10542,CH
5237,GB
5237,NA
5237,US
5237,ZA
37632,AW
37632,US
16320,US
19112,CA
19112,US
12259,IN
308,FR
308,US
25074,HK
5319,IN
27449,US
85783,US
39946,GB
54139,US
26579,US
26579,GB
26579,FR
26579,JP
18882,AU
18882,US
42689,GB
6519,US
13919,DE
13919,US
25956,VE
11453,US
9913,DE
9913,US
8292,US
13922,US
24461,GB
24461,IE
14166,US
501,US
31542,IT
57103,US
37204,US
41279,US
42741,FR
42741,IT
17110,RO
17824,US
15907,ZA
46825,FR
46825,GB
22965,US
27217,FR
27217,IS
27217,NO
53857,US
52660,US
85420,US
43313,US
6957,US
16764,US
11460,US
33459,US
14674,US
14134,IN
19404,IN
42034,GB
94529,US
74840,ES
37185,HK
14175,GB
4442,CZ
4442,GB
4442,US
59882,US
22741,US
44413,AR
44413,IT
44413,NL
44413,ES
13169,US
9042,DE
9042,US
17926,US
15022,US
1985,CN
1985,DE
1985,GB
1985,US
9335,FR
56214,US
9777,US
1830,FR
1830,US
1830,DE
10092,US
340,US
15155,US
78734,US
61675,FI
61675,FR
61675,GB
65215,US
36832,US
14759,DE
14759,US
10753,HK
22575,US
14286,CA
14286,DK
14286,FR
14286,GB
14286,US
1676,US
27645,US
34181,DK
26259,HK
8814,CZ
8814,DE
8814,GB
8814,US
9923,FR
9923,GB
9923,US
7553,US
8202,US
3118,FR
2125,US
1947,US
1947,DE
16133,JP
10319,DE
49220,SE
49220,CZ
49220,GB
49220,DK
49220,NL
42168,US
8643,US
9315,US
3933,US
8923,GB
8923,US
59,US
59,CA
59,DE
30941,US
10254,TH
14544,US
20668,US
11968,US
14517,GB
14517,US
33623,BE
33623,FR
33623,JP
33623,GB
120515,US
36909,US
56518,IT
17209,US
10087,FR
10087,GB
11627,DE
34870,DK
533,GB
533,US
5236,US
32237,KR
11344,KR
9060,HK
31056,PL
14788,US
19082,JP
19082,GB
19082,US
46315,CZ
45799,IT
45799,FR
45799,US
36498,US
9763,GB
9763,US
30082,US
56475,DE
56475,GB
15058,US
10017,US
10017,CA
1559,CA
1559,DE
1559,FR
3527,FR
3527,DE
3527,US
27974,US
11931,US
32990,FI
32990,SE
27759,US
12612,GB
12612,IE
26513,US
43110,US
10707,US
9910,US
77468,SE
142,CA
142,US
9621,US
9701,US
3291,FR
3291,JP
3291,GB
3291,US
56798,IT
56798,FR
56798,DE
56798,BG
16608,AU
16608,GB
16430,US
24408,US
791,CA
19965,US
33241,US
53935,US
2610,US
21246,US
9729,US
8066,US
1656,MX
1656,US
6963,DE
6963,US
215,US
45967,JP
16729,IT
5335,IT
8274,US
10799,FR
42000,JP
1951,DK
1951,FR
1951,DE
1951,IT
1951,NL
1951,SE
1951,GB
25763,US
81220,US
25,DE
25,US
9982,US
13994,US
12877,GB
11661,BE
11661,FR
11661,DE
11661,JP
11661,NO
11661,RO
11661,GB
11661,US
39261,GB
38761,US
60409,FI
44389,US
10060,US
10033,CA
10033,DE
10033,US
231,US
8999,GB
8999,US
4348,FR
4348,GB
4348,US
47540,US
10064,US
9885,AU
9392,GB
47473,SE
14837,US
24625,US
69,DE
69,US
44163,JP
6795,US
11421,CA
24618,US
9005,US
13499,US
17952,US
7548,GB
7010,GB
7010,CH
20345,IT
15184,IT
15184,LU
15184,ES
15184,GB
15184,US
8425,FR
116,IE
116,LU
116,RU
116,GB
116,US
35124,MX
43176,US
84090,GB
411,GB
411,US
254,NZ
254,US
254,DE
1904,US
21454,US
27031,JP
36826,US
29595,US
9721,CH
9721,GB
9721,US
35896,US
43812,US
23606,JP
8290,FR
8290,GB
17382,US
8053,US
8053,FR
36775,US
612,CA
612,US
612,FR
9899,US
546,US
9641,US
7552,US
9927,US
9681,US
10773,GB
22014,FR
22014,NL
22014,TD
13925,US
9687,GB
9568,US
43899,US
18809,GB
6935,FR
11400,US
13669,US
30095,GB
43355,GB
14241,US
42269,IT
4550,KR
36380,PL
174865,US
168705,US
1690,US
9044,CZ
9044,DE
9044,GB
9918,US
17379,US
10982,US
834,US
39345,US
26782,UA
14226,CN
14226,HK
14226,JP
12701,NO
12701,GB
27622,US
25652,KR
24580,GB
11246,US
11246,CA
14942,US
24269,US
47250,US
1969,US
1969,FR
1969,MX
38349,CA
124484,JP
13275,US
11565,US
11283,FR
11283,GB
11283,US
17,DE
17,GB
33117,US
108994,US
54227,US
9286,CA
9286,DE
9286,US
15363,US
30712,CA
31416,US
292,US
37631,US
196918,CA
1544,DE
1544,GB
1544,US
1651,FR
1651,IT
33095,FR
42328,US
31432,US
12096,US
33061,IT
33061,US
5145,GB
9975,US
9754,US
9754,AU
10053,US
10263,US
9959,US
14256,US
9036,US
10073,CH
10073,US
7304,DE
7304,US
9920,US
9682,US
17700,CA
17700,US
2207,US
2207,DE
6877,US
14609,US
950,US
10912,GB
10912,US
4173,IT
4173,US
20442,US
1967,US
752,DE
752,GB
752,US
9655,US
9388,US
388,US
868,ZA
14191,AU
14191,US
18009,US
19287,US
18011,US
114875,US
1379,FI
29481,US
9792,FR
9792,US
10067,US
55676,US
55676,GB
46828,US
46828,IT
582,DE
98864,US
12763,US
56935,DE
56935,FR
56935,CH
42112,FR
42112,CH
186,DE
186,US
219,ES
13751,US
10292,US
10069,US
43887,US
3093,DE
3093,GB
3093,US
9270,US
11291,SE
16070,GB
16070,US
13960,US
9957,US
30139,US
9389,FR
9389,GB
9389,LU
28752,GB
19059,GB
8998,US
44947,BE
44947,FR
44947,DE
20521,CA
20521,DE
20521,US
53296,FI
84954,DE
11490,BE
11490,FR
4257,US
2652,US
19592,US
9526,US
27201,US
5820,US
588,CA
588,FR
588,JP
588,US
17247,MX
17247,BE
17247,NL
17247,DE
17247,FR
9310,US
35545,US
1557,DE
16367,GB
16367,US
17131,US
8982,TH
8982,AU
956,CN
956,DE
956,US
36253,TW
36253,FR
9530,DE
9530,GB
9530,US
9829,FR
9829,GB
9829,US
10115,DE
10115,US
10008,GB
10008,US
7870,US
7518,US
503,US
591,US
591,MT
591,FR
591,GB
36668,CA
36668,GB
36668,US
9767,US
13689,DE
13689,US
15013,GB
15013,ZA
15013,FR
21014,US
920,US
18484,US
9700,US
44126,IT
44126,US
55418,FI
12766,US
15366,US
53905,US
38344,GB
9353,US
2044,US
9339,US
350,US
58,US
1819,US
2295,US
9697,US
4474,US
43240,US
30022,US
28673,IT
1887,FR
1887,US
1887,JP
13508,US
1781,US
42003,US
10947,US
8443,GB
8443,BR
17021,US
53231,US
25563,US
146322,CA
7549,CN
7549,HK
7549,US
41796,CA
9615,JP
9615,US
410,DE
25509,US
9917,US
10770,IT
8008,DE
8008,GB
51303,US
1452,US
43654,GB
43654,JP
7872,GB
773,US
36576,GB
36576,US
34380,US
1164,FR
1164,JP
1164,MX
1164,US
42839,US
13141,US
45817,US
25305,US
15383,FR
15383,IT
9072,US
54111,KR
9297,US
5070,FR
13802,GB
43778,CU
326,US
512,GB
9718,US
1593,US
1593,GB
1852,US
1262,US
43610,US
126781,US
82,UY
82,US
82,DE
82,PY
14963,US
9921,US
36342,US
1986,FR
1986,IL
1986,BE
1986,IT
1402,US
9906,US
84956,DE
43597,US
47880,GB
42479,US
145899,FI
43542,US
1948,US
148,ES
77250,US
52452,GB
9907,DE
9907,US
27203,US
42756,US
9762,US
14113,US
15049,CA
15414,GB
15414,US
7859,US
16998,FR
18672,HK
39776,HK
11559,CA
11559,GB
31513,US
10348,HK
26718,US
1023,DK
1023,DE
59964,US
71436,US
2168,AU
10118,US
9788,US
39749,SE
1540,CA
1540,FR
1491,CZ
1491,US
33792,US
51601,US
1165,FR
1165,IT
1165,GB
1165,US
9988,US
24115,US
13816,US
22238,IL
22238,FR
22238,DE
4913,US
19072,GB
15265,FR
29589,GB
41937,IT
14597,FR
14597,IE
14597,GB
14597,US
9708,US
9708,DE
9708,CA
14351,US
9813,US
39382,GB
35327,SE
49940,SE
1116,IE
1116,GB
1116,DE
1116,IT
1116,ES
1116,FR
1116,BE
1116,CH
55343,GB
9954,US
7512,US
1776,US
32969,US
1381,US
15097,FR
43837,US
15374,US
300,FR
300,IT
16411,HK
16411,CN
44046,US
52859,US
9676,FR
9676,DE
9676,US
9766,US
32761,AT
34127,US
1595,CA
1595,US
1595,DE
1622,FR
43410,IN
5726,US
1666,US
43122,GB
1579,US
9664,GB
9664,US
12094,US
1717,US
15624,GB
15624,US
496,US
1417,ES
1417,US
1417,MX
4643,US
7484,US
9842,US
27275,TR
1422,HK
1422,US
10781,US
9794,US
9978,DE
9978,GB
9978,US
30025,US
14812,DK
14812,NO
14812,SE
8332,DE
3593,US
7510,US
16548,US
1975,US
9895,US
8975,US
9672,US
15005,US
98498,FR
46774,RU
86,DE
86,IE
78479,FI
1440,US
13364,US
18925,US
77198,US
1523,GB
1523,DE
1523,US
1378,US
9693,GB
9693,US
1124,US
14012,GB
14012,US
43673,US
14097,RU
14097,UA
14097,FI
8194,US
6077,FR
214,US
1123,FR
1123,GB
1123,US
1123,ZA
50573,US
14620,US
43884,US
80427,CN
21156,CZ
21156,SK
11619,GB
11619,US
1427,ES
1427,DE
1427,FR
13767,US
19109,CA
144541,PL
21057,JP
68736,US
67880,US
4928,US
27295,US
9726,US
2152,US
61650,US
10093,US
14799,US
8588,DE
8588,GB
9836,AU
9809,US
7551,US
2357,US
1581,GB
1581,US
313,CA
313,GB
14823,GB
8324,GB
8324,US
29415,FR
27019,FR
85505,US
36265,MX
2179,US
39219,US
76211,US
38450,US
15804,TW
10032,US
1372,DE
1372,US
22440,US
9986,DE
9986,US
2486,GB
2486,US
2486,HU
1246,US
18615,US
13210,GB
25060,US
12795,US
95797,US
55819,GB
55819,US
46948,US
14202,CA
14202,CN
14202,US
11170,US
1247,US
1125,US
8436,FR
14277,US
33583,FR
33583,DE
33583,IT
1646,DE
1646,US
58923,US
7736,DE
8618,GB
1259,GB
10908,US
34943,US
9053,DE
9053,GB
9053,US
182,US
43512,US
9656,CA
9656,US
5393,DE
5393,US
14396,US
1931,US
13967,GB
13967,US
9992,FR
19344,US
79767,AR
79767,BR
79767,FR
79767,DE
79767,ES
79767,GB
2433,FR
2204,DE
33375,IN
10810,BR
10810,CO
10810,MX
10810,ES
1773,US
31325,FR
4283,US
7457,US
8398,US
13551,US
36878,FR
19166,DE
19166,FR
19166,GB
19166,RO
43470,US
6166,CH
6166,DE
12183,DE
12183,US
56705,US
27337,JP
37952,FR
37952,DE
37952,GR
37952,IT
1265,US
14137,US
27432,US
25623,JP
13140,AU
13365,GB
10758,US
50754,GB
74126,JP
7516,FR
7516,GB
7516,US
9760,US
9966,US
1257,US
1248,GB
1248,CZ
1248,FR
1248,IT
9757,US
90560,JP
5206,DK
5206,FR
5206,DE
5206,IS
5206,IT
5206,SE
14761,US
1252,US
2062,US
12580,JP
40641,FR
40641,IT
23544,US
2266,FR
5172,US
15962,DK
9965,US
37725,CA
37725,US
37725,GB
40973,US
63460,US
63460,GB
13517,DK
13517,FR
13517,DE
13517,IE
13517,GB
2016,DZ
2016,FR
2016,MA
2016,BE
3024,CA
3024,US
47200,FR
47200,DE
47200,KZ
47200,RU
9828,US
34038,GB
74581,JP
1250,US
1250,AU
16555,US
11172,US
3594,DE
3594,US
10090,US
7874,US
14845,US
12271,US
40394,FR
40394,DE
40394,IT
17919,CA
17919,US
13185,GB
26655,US
42630,US
4638,GB
68979,US
94393,FR
94393,IT
94393,GB
1993,FR
1993,IT
12554,US
1738,US
38021,FR
15325,US
14375,IT
10845,US
42999,IT
31015,US
1949,US
7006,CA
7006,US
11199,US
25530,RU
50812,US
27864,US
1271,US
10790,BG
10790,ES
10790,GB
18019,US
64142,US
61648,US
6691,FR
1255,KR
49709,IL
49709,FR
25105,US
15664,US
25062,GB
16727,IN
16727,US
46916,JP
14434,IN
14434,US
11494,GB
9963,US
14001,US
2355,US
16385,DE
16385,US
7485,US
1273,US
4657,AU
19495,FR
19495,KZ
27263,US
10051,FR
9075,NL
9075,DE
9075,GB
20527,JP
37513,JP
17677,US
42066,US
11958,FR
192675,IN
20122,HU
297853,US
8270,US
9955,US
1683,US
1267,US
13249,US
1272,GB
1272,US
9903,US
10798,FR
47848,IT
102227,JP
14945,JP
11515,ES
11515,US
7183,US
8271,US
1534,US
13158,US
118536,US
23397,US
35838,ES
35838,FR
35838,IT
18777,US
16392,US
32627,GB
32627,US
1407,CZ
1407,FR
1407,GB
30694,US
1441,BG
1441,US
9843,GB
48994,US
10294,US
13067,US
30307,US
1268,GB
1268,US
1268,FR
1268,DE
9785,CA
9785,US
13280,US
559,US
1950,US
13352,US
20525,JP
13894,CA
18549,US
37933,JP
14240,US
13574,US
49081,CA
2269,RU
11798,GB
4964,US
2976,GB
2976,US
1562,ES
1562,GB
810,US
5723,IE
285,US
12526,US
3432,US
15568,US
3489,US
298,US
14064,AU
1691,US
9408,US
10288,CA
1991,US
9952,US
442,FI
442,SE
1988,FR
1988,GB
1988,PK
1988,US
1571,GB
1571,US
2959,AU
2959,US
2698,US
1858,US
14125,RU
14125,US
675,GB
675,US
3563,US
2270,IS
2270,GB
2270,US
35,US
5857,US
2503,DE
2503,US
8141,US
5174,US
9703,GB
9703,IT
9703,FR
9703,TN
10760,US
4349,DE
4349,US
14144,US
4858,US
4858,AU
10431,US
10431,CA
12435,US
2082,US
11835,US
5176,US
4141,US
4347,GB
4347,FR
4347,US
2009,BE
2009,RO
4413,US
6973,US
7913,IN
15019,US
2252,GB
2252,US
2252,CA
13072,US
7737,AU
7737,FR
7737,DE
7737,GB
7737,US
5915,US
13680,US
9038,US
7211,US
2001,US
4517,GB
4566,US
6615,US
5125,US
3877,US
4771,US
4512,CA
4512,GB
4512,US
13197,US
17202,US
663,US
4982,GB
4982,US
5559,US
6977,US
5123,US
4515,US
6639,US
20714,RU
4523,US
13474,US
8079,IN
13483,US
2268,GB
2268,US
6479,US
1989,CN
1989,FR
1989,HK
7350,US
7979,CN
7979,US
13885,GB
13885,US
6637,US
7345,US
6538,US
440,US
6575,US
14047,US
54318,US
54318,GB
54318,AU
6023,US
6557,US
7508,IN
10253,KR
8329,ES
7191,US
8090,US
9030,US
11253,DE
11253,US
8321,GB
8321,US
62652,ML
62652,FR
19384,US
13490,US
37003,US
7461,US
7942,GB
13362,GB
8848,AU
8848,GB
8848,US
13460,DE
13460,GB
13460,US
13460,ZA
12222,US
8461,AT
8461,FR
8461,DE
8461,IT
8461,GB
8461,US
12177,US
12177,GB
12177,DE
13025,US
14011,US
8944,US
155,GB
155,US
8456,US
13495,ES
8065,US
12890,US
4942,DE
4942,US
14044,CN
14044,HK
11483,FR
11483,TN
8988,US
7351,FR
10488,US
11918,US
1266,US
13335,US
1729,CN
1729,US
14324,LU
14324,IT
14324,FR
14324,GB
13018,US
8780,US
13359,US
1726,US
10761,GB
10761,US
43664,US
8681,FR
8681,GB
8681,US
13001,CA
13001,US
13243,US
9029,US
13191,BG
217,US
4564,US
10665,US
9502,US
10661,US
15691,CA
15691,GB
15691,US
8645,US
8645,IN
8645,FR
1724,US
13405,AU
13405,CN
13405,DE
10681,US
8960,US
15728,US
11665,CA
11665,RU
11665,US
27505,US
13990,US
11631,DE
11631,GB
11631,US
8265,FR
13614,PL
88751,US
13910,GB
16007,JP
6687,DE
6687,ES
6687,GB
6687,LT
11802,US
13183,US
12133,US
12568,IT
12568,MA
12568,GB
8836,CA
8836,US
1735,DE
1735,US
10187,US
10185,US
13996,US
5038,US
5038,ES
10189,US
12289,CN
10188,US
11671,US
12180,SG
12180,US
13256,US
13256,GB
8885,IL
8885,FR
8885,DE
13310,SE
10483,GB
10483,US
10483,DE
12620,US
10186,US
13515,RO
13515,US
13637,JP
4944,US
4944,GB
4944,FR
13805,US
9381,FR
9381,GB
13291,US
13991,US
13972,US
8285,US
13389,US
13279,US
12412,IT
12412,US
13027,US
13027,DE
13092,GB
12182,US
12113,US
12113,GB
13600,US
10358,US
10523,US
12837,US
7735,DE
13150,US
13150,DE
14325,DE
14325,US
13809,GB
3580,US
20766,US
12405,IN
12405,GB
12405,US
15373,US
13672,BE
13672,FR
13672,LU
11917,US
15749,CA
15749,DE
15749,US
14405,US
6972,AU
6972,US
6972,GB
13053,US
10139,US
8966,US
13387,FR
13387,GB
12193,US
14574,GB
14574,US
14438,US
14248,US
14248,FR
13056,CA
13056,DE
13056,US
10200,CA
10200,US
14359,US
13223,US
13223,DE
8055,DE
8055,US
11321,US
12163,US
4922,US
10201,US
2253,DE
2253,US
10202,US
13973,US
4148,GB
4148,US
15676,US
13813,US
14306,US
12429,JP
14756,HK
10199,GB
10199,US
14435,US
13177,US
14139,ES
12437,US
2309,DE
2309,GB
2309,US
13825,GB
13825,US
14560,US
13788,US
50318,IT
50318,US
14836,US
13455,US
13455,CA
4959,DE
4959,GB
4959,US
10362,FR
10362,US
10184,NL
10184,US
10184,DE
15189,US
20829,US
19255,US
8832,IT
20421,IE
20421,GB
20421,US
16538,US
16558,DE
16558,US
13811,GB
13811,US
13811,AU
16353,TH
15472,DK
15472,DE
15472,SE
13090,US
15512,US
14637,US
13804,US
18947,DE
18947,GB
18947,FR
16996,US
16869,DE
16869,US
16995,FR
16995,GB
16995,US
17431,GB
18320,GB
18320,US
17436,DE
17436,US
17680,US
13475,DE
13475,US
17532,US
10946,DE
10946,GB
10946,US
15577,US
534,DE
534,IT
534,GB
534,US
18360,US
18360,CA
21755,US
17332,US
18405,US
16871,US
17927,US
18785,DE
18785,US
17609,DK
17609,FR
17609,DE
17609,IT
17609,PL
17609,SE
16345,IN
14451,NO
18162,US
17610,US
12162,US
8373,US
8355,US
24927,US
10024,US
69426,IN
19913,US
16911,RU
767,GB
767,US
22215,DE
22215,GB
22215,FR
21208,CA
21208,FR
21208,DE
21208,US
20943,US
21407,US
12403,US
20856,CA
20856,US
17654,US
17654,NZ
17654,CA
17654,ZA
24803,US
17335,US
13836,US
18126,US
14869,CZ
14869,US
17134,US
50719,US
25183,US
19585,US
41682,ES
41682,GB
41682,US
25704,US
23049,GR
23049,US
24150,US
60216,US
23451,DK
23451,FI
23451,GB
23451,SE
25376,AR
25376,ES
12244,US
19898,DE
19898,GB
10313,GB
10313,US
19994,US
11323,US
12569,US
19912,US
18501,US
22794,US
16873,US
25643,CA
25643,GB
25643,US
29963,GB
29963,FR
29963,AU
22074,US
12573,US
12573,GB
12573,FR
28053,US
22798,US
23082,US
19959,US
19908,US
22787,CA
22787,FR
22787,US
24684,GB
24684,US
18710,US
19899,US
23706,US
11807,IN
16523,US
25132,AE
25132,US
12572,US
22803,US
8915,US
24238,AU
22947,US
22804,AU
22804,CA
22804,GB
22804,US
24418,US
22821,US
24804,US
16577,HK
16577,JP
16577,US
10315,US
36278,US
17979,US
14161,CA
14161,US
22825,US
22824,US
25793,US
18239,US
28089,US
22832,DE
22832,US
33273,FR
33273,ES
7445,US
22881,US
22949,US
16866,ES
16866,GB
16866,US
51284,RU
7980,GB
7980,NZ
7980,US
22954,US
4597,US
31909,US
24438,US
19995,US
19995,GB
10197,IT
10197,US
22897,US
10528,DE
10528,GB
10528,US
25196,US
23398,US
15772,IN
40494,US
148077,FI
19901,US
19901,AU
28178,GB
28178,US
25195,IE
25195,US
20504,US
33613,SE
31175,DE
40229,US
17606,GB
17606,IT
2395,BE
2395,FR
2395,DE
2395,IT
2395,ES
20453,IN
46336,US
27569,US
12201,GB
12201,US
8952,US
32856,US
11324,US
32657,CA
32657,US
23742,US
23172,US
26428,ES
12273,IN
15357,FR
22971,US
23023,CA
23023,US
10664,ES
26022,IN
26022,US
12155,US
17277,US
34016,US
23169,US
12834,US
24973,US
31867,CA
31867,US
23048,US
28211,FR
28211,US
28211,CA
38687,US
10191,US
28510,US
27936,FR
18823,US
23483,GB
23483,US
35056,US
27586,US
26178,AU
33217,GB
33217,US
21345,CN
21345,HK
34813,US
32985,FR
32985,CZ
32985,GB
10138,US
37931,US
23437,US
37495,GB
38542,GB
20662,GB
20662,US
31261,JP
31261,US
46705,US
37821,US
26388,ES
26388,US
26388,FR
9543,US
37786,US
32823,US
34806,US
28871,IE
20533,US
10193,US
39013,US
10192,US
24021,US
36691,US
34647,CA
34647,FR
34647,DE
34647,IT
10196,US
34851,US
20352,US
27205,GB
27205,US
38365,US
27022,US
22556,US
39781,US
27576,US
31011,BE
31011,CA
31011,FR
31011,DE
65212,US
38778,US
37472,HK
37472,CN
37950,US
27581,US
28426,US
27578,US
22538,US
22538,CA
44629,AU
23759,FR
23759,GB
39800,US
41479,US
42194,US
42194,JP
42194,CN
38358,US
38358,FR
27579,GB
27579,US
41233,US
38073,US
40264,US
35791,DE
35791,US
35791,FR
35791,CA
37799,US
23168,US
37735,US
33909,US
41216,AU
41216,US
39691,US
39691,AU
41402,GB
41402,US
44040,US
38408,US
44639,US
43933,GB
45094,US
42188,GB
42188,US
44549,IN
41505,US
16290,US
16290,RO
39514,US
43931,US
41211,FR
41211,MC
46332,FR
41436,US
44603,US
41439,CA
41439,US
41733,US
44115,GB
44115,US
38055,US
38363,US
38363,AE
44048,US
38357,US
43539,US
43539,FR
44147,FR
44147,GB
43434,FR
43434,DE
38757,US
45317,US
47088,FR
47088,US
48838,GB
48838,US
42684,US
38117,US
43347,US
10140,US
37710,GB
37710,US
37710,FR
37710,IT
43930,AU
44264,US
20526,US
44009,GB
46829,CA
46829,IT
41283,US
39451,US
38745,US
33870,AU
42297,US
51739,JP
46838,CA
46838,US
41515,US
41515,NZ
46689,BR
46689,GB
40805,US
49009,PL
49009,AE
49009,US
46528,NZ
46528,KR
14070,IN
23047,US
23174,US
49849,US
44564,US
112284,US
43947,US
41630,US
50348,US
48171,US
48171,HU
48171,IT
45272,US
48340,US
48340,AU
45772,US
45772,GB
43552,US
39513,US
39513,GB
4704,US
47327,US
44896,US
50725,US
50725,DE
38050,US
27582,US
48988,US
49494,US
46529,US
51200,KR
44943,US
31162,RU
50546,US
49730,CA
49730,US
38322,US
45132,US
46146,NO
45612,CA
45612,US
23629,US
58232,AT
58232,DE
58232,GB
57521,ES
49018,US
49018,CA
49010,US
49010,CA
55725,US
44898,FR
44898,BE
44898,IT
44898,GB
60307,US
53172,US
50359,GB
73191,US
58857,JP
58857,GB
50456,DE
50456,GB
50456,US
46523,NL
49012,US
41446,US
46195,US
57695,FR
57695,DE
10195,US
56780,US
55787,US
51497,US
54524,AT
54524,DE
46738,CA
46738,FR
43959,US
38321,US
50780,AE
50780,US
1865,US
59436,ES
59436,US
45243,US
42889,US
57276,FR
57276,DE
57276,GB
49950,US
44945,US
42571,IT
49444,US
49538,US
52505,US
45658,US
55347,US
37686,US
44912,US
52449,US
35688,US
38356,US
59861,US
38319,US
60062,US
22907,US
38317,US
51540,US
49013,US
45657,US
67109,IN
12445,GB
12445,US
64690,US
58882,CN
1771,US
50646,US
67913,IE
51162,US
41513,US
50544,US
55846,GB
55846,US
55846,FR
59968,US
39806,US
63943,GB
61791,US
50014,IN
50014,AE
50014,US
62206,US
62206,DE
62206,CA
55779,US
60309,US
55465,US
56288,US
46261,US
46261,AU
46261,MX
58151,GB
58151,US
55420,US
62835,FR
43942,US
37430,US
51588,US
48572,US
55720,US
65055,US
39538,US
39538,AE
64639,US
60308,US
47760,US
24428,US
48231,CH
48231,GB
48231,DE
48231,CA
59440,US
10316,US
74725,GB
49021,AU
49021,US
37822,IN
40807,US
74643,BE
74643,FR
148284,IN
56401,US
39254,IN
39254,US
68817,US
60935,US
60935,CA
71859,GB
71859,US
52451,US
52451,DE
52451,FR
52451,GB
49530,US
72113,ES
72113,FR
72113,DE
72113,PL
50839,US
72571,US
58233,GB
58233,HK
58233,CN
59965,US
53487,IT
53487,FR
53487,IE
53487,AT
76025,GB
69668,CA
69668,US
32909,CN
45610,US
59108,US
88794,US
73499,US
44826,FR
44826,US
44826,GB
50875,US
70578,US
37958,US
71880,US
62630,NL
62630,BE
70586,US
60422,US
65057,US
60420,US
64328,US
50619,US
57212,US
23514,US
75900,GB
70590,IN
20002,IN
38336,RU
53457,FR
57431,US
64685,US
75622,US
65759,AU
56601,US
62046,DE
62046,US
70074,CH
70074,US
76163,US
43546,US
70160,US
49026,US
49040,US
58574,US
57157,US
62838,US
56292,CZ
56292,US
56292,AE
74465,US
65754,NO
65754,SE
65754,US
71469,US
71469,RU
55301,US
73873,GB
73873,IE
79777,US
52520,US
70435,IE
70435,US
50357,CA
50357,US
74998,US
72431,US
77338,FR
54054,US
78698,GB
78698,US
57809,RU
48492,HK
48492,CN
76726,US
65086,CA
65086,SE
65086,GB
66120,FR
66120,ES
59961,US
72570,US
84200,US
53174,DE
30596,CN
16564,NL
16564,BE
72213,US
57214,US
73937,US
49529,US
77949,GB
63493,US
63493,DE
82532,US
81796,FR
61984,JP
81025,GB
57165,ES
57165,US
10679,FI
10679,DE
10679,AU
71552,US
94329,ID
94329,US
94329,FR
76489,US
70436,HU
70436,RS
70436,ES
70436,US
44833,US
74534,AE
74534,GB
74534,US
72207,US
67660,US
77877,US
72387,US
57119,US
76493,US
41154,US
58595,US
78206,BE
78206,FR
78206,DE
72197,GB
70981,GB
70981,US
83666,US
49014,CA
49014,FR
49014,IT
49014,PT
72358,US
201703,US
80321,US
84355,US
76494,US
81836,IT
81836,ES
81836,US
72331,US
44877,GB
96399,MX
80585,US
88005,US
77930,US
83770,BR
83770,FR
83770,GB
83770,US
57800,US
84175,US
80035,US
84165,FR
84165,DE
84165,BE
73567,US
64635,CA
64635,US
37724,GB
37724,US
82696,US
77174,US
82650,US
79224,KR
82633,US
77883,US
77883,CA
48034,FR
79694,US
84174,US
59967,CN
59967,US
87428,US
84329,US
71679,CA
71679,FR
71679,DE
71679,US
68722,US
60599,US
84892,US
103663,DK
103663,SE
102784,BR
88036,US
75638,ES
75638,US
82675,FR
82390,US
88273,CZ
88273,DK
88273,DE
88273,SE
82505,US
126509,US
82096,US
97365,FR
97365,BE
101267,US
62214,US
82507,US
76492,US
68734,US
86838,GB
57089,US
82990,US
94348,US
83542,DE
83542,HK
83542,SG
83542,US
64689,US
113947,US
84341,US
82690,US
47878,US
82693,US
87502,US
87827,US
87827,TW
87827,GB
127493,US
86837,FR
86837,AT
86837,DE
72976,IN
72976,US
50620,US
60747,US
81188,US
85446,US
76349,CN
76349,HK
84305,GB
84305,US
106135,US
117629,IL
127501,IN
97630,US
139567,US
82654,CA
82687,US
75780,US
68718,US
89492,US
80278,US
80278,ES
82695,GB
82695,US
128270,US
121826,GB
41592,GB
88042,US
116613,GB
82682,US
68812,US
132232,ES
132232,CA
145197,US
98357,US
84336,IE
84336,GB
77117,KR
87818,US
119283,US
87499,GB
87499,US
58244,CA
58244,FR
109421,US
109431,US
109491,US
47964,US
107811,US
123678,DK
123678,NO
123678,GB
122857,US
68179,CA
68179,US
132344,GR
132344,US
134411,US
134411,AE
145135,US
130739,DE
81005,US
146203,US
72559,US
86825,US
152259,US
68728,US
49519,US
122081,FR
122081,US
117263,US
97367,US
72710,US
144340,US
68727,GB
68727,FR
75612,US
127517,US
4258,US
134374,US
176124,US
68721,CN
68721,US
91073,CN
91073,US
91073,KR
91073,HK
103731,US
101501,US
64682,US
64682,AU
54138,US
116741,US
77987,FR
77987,DK
77987,SE
77987,TH
77987,US
109439,US
82992,US
116711,US
152780,FR
152780,IT
152780,IR
104755,CA
104755,US
104755,GB
119675,US
82700,US
75656,US
75656,FR
49521,GB
49521,US
87567,US
158015,FR
158015,US
62211,US
152742,IT
72190,US
72190,MT
68724,US
127373,US
117251,US
107985,GB
136418,US
136418,GB
136795,US
57201,US
157386,US
206324,IN
49524,US
77950,US
76170,GB
76170,US
27957,TR
136400,US
151743,CN
151743,TH
160588,US
179144,IT
76285,US
77931,US
177699,GB
23535,US
76544,CN
76544,HK
76544,US
138832,US
109418,US
59735,GB
59735,US
115348,FR
115348,US
115782,US
123553,US
132363,US
122906,GB
205022,IN
169209,US
33196,KR
111190,FR
111190,AU
211954,MX
146227,BG
146227,US
212716,CA
212716,IE
146233,US
164457,US
156711,GB
156711,US
96721,DE
96721,GB
112205,FR
112205,US
129139,US
220714,IN
109417,US
129670,US
193613,US
165904,IN
146238,US
209262,US
190754,PH
109451,US
109424,US
106747,US
85889,GB
85889,US
85889,DE
85889,SE
85889,BE
107846,US
133805,US
162903,BE
162903,US
109091,GB
109091,US
152747,US
80274,US
208134,US
76338,US
152532,US
123377,KR
175574,US
137093,US
146304,US
209274,DK
209274,FR
209274,PL
209274,GB
101299,US
57158,NZ
57158,US
146239,US
109445,US
86829,US
86829,FR
86829,GB
106646,US
204082,US
192136,GB
192136,ZA
152737,US
180048,IN
168672,US
116745,US
152601,CN
152601,US
193756,US
140823,AU
140823,GB
140823,US
49852,GB
49852,HU
87516,US
109443,US
142487,MX
82679,US
169881,DE
14499,SE
14499,RU
14499,NO
64807,US
153158,AR
153158,ES
127560,AU
127560,GB
168530,US
157350,US
79316,US
41374,US
217993,US
185008,IN
92834,TR
126319,BE
126319,FR
126319,LU
100241,US
100241,AU
130150,US
157841,CA
157841,FR
152760,DE
152760,US
137106,US
97020,CA
97020,US
157834,GB
157834,FR
157834,US
157834,RO
226857,US
137321,US
157847,US
222899,US
120467,GB
120467,US
120467,DE
225565,US
157336,CA
157336,US
157336,GB
225574,FR
225574,GB
225574,US
82703,US
97370,GB
97370,CH
97370,US
136797,PH
136797,US
136797,GB
136797,FR
177494,US
235260,US
192577,JP
100402,US
142159,US
190955,FR
190955,US
193612,GB
193612,US
157547,US
249660,US
197796,FR
197796,DE
172385,US
157353,CN
157353,GB
157353,US
236751,US
193610,US
254473,CA
254473,FR
210479,GB
210479,US
195589,US
49158,IT
49158,US
152599,US
19703,IN
252680,US
240832,FR
240832,US
127585,GB
127585,US
124905,JP
124905,US
59981,IN
59981,US
212778,US
232672,US
102651,US
137113,AU
137113,US
177677,CN
177677,US
209185,CA
175541,US
114574,US
244088,IT
156022,US
82702,US
194662,US
87368,FR
85350,US
209451,US
91314,US
218836,US
262340,IE
262340,GB
226486,US
242224,CA
242224,AU
244786,US
210577,US
119450,US
253235,US
225886,US
238636,FR
238636,US
118340,GB
118340,US
242095,US
138103,FR
138103,US
157849,GB
157849,US
157849,DE
231576,US
238603,US
243683,US
157845,AU
229297,GB
229297,US
228194,IN
228194,US
228194,AE
98566,US
227156,US
193893,US
189,US
249164,US
282813,US
209189,US
256274,US
241848,US
204922,FR
204922,SE
204922,GB
199933,US
216282,US
192145,BE
192145,DE
192145,GB
192145,US
154400,US
198663,US
136835,US
169917,US
282296,FR
282296,GB
282296,US
264656,FR
264656,US
254904,GB
254904,US
170687,US
149871,JP
190859,US
246403,US
250546,US
49017,US
239571,US
228150,GB
228150,US
228150,CN
239563,US
218778,US
218043,US
242512,JP
242512,US
36523,DE
36523,HU
36523,US
236735,ES
228326,MX
228326,US
17108,HK
87492,US
199534,AU
77951,AU
77951,IN
77951,GB
77951,US
203793,RU
171274,US
131631,US
147441,ES
147441,GB
147441,US
100042,US
80920,US
266856,GB
13646,BE
227735,US
232679,US
192558,IN
36683,JP
36683,TH
241771,US
205775,US
135397,US
227159,US
270946,US
253331,US
256917,AU
256917,US
284293,US
116149,GB
294254,US
246860,DE
246860,FR
246860,CH
110402,RU
245916,US
214086,US
273895,GB
273895,US
227306,US
15603,AU
172391,ZA
252171,US
265177,CA
228970,US
87093,CA
87093,US
224141,US
228967,US
207703,GB
207703,US
181533,GB
181533,US
68737,CN
68737,CA
68737,US
68737,GB
64264,RU
196867,US
297222,IN
244049,IN
198184,MX
198184,ZA
198184,US
260346,FR
260346,US
201088,US
87101,US
288158,GB
288158,US
288158,CA
208763,CZ
208763,RU
208763,UA
121734,ES
209901,US
270303,US
31179,AU
29996,US
34586,RU
254869,ES
76341,AU
76341,US
280092,CA
280092,US
140607,US
68735,CA
68735,CN
68735,JP
68735,US
99861,US
166426,US
102899,US
293660,US
283995,US
271110,US
284052,US
246655,US
68351,BF
68351,DE
68351,GH
68351,GB
68351,US
85870,FR
284276,US
164372,RU
28284,US
210860,US
216015,US
272693,US
227719,US
167073,CA
167073,IE
232572,US
283235,US
308453,US
308638,GB
308638,US
250124,US
308639,US
230266,GB
230266,NO
72784,US
27873,NZ
320316,IT
273248,US
286565,US
252838,US
241251,US
201085,CA
201085,US
243938,US
256591,US
228165,US
234212,GB
234212,US
268238,GB
268238,US
290764,US
132759,RU
191121,IN
241554,US
265712,JP
150689,GB
150689,US
266647,US
252512,US
271674,BE
271674,GB
271674,FR
271674,CA
262500,US
230179,FI
230179,DE
230179,GB
228161,US
245703,US
266396,FR
266396,ES
266396,GB
266396,US
168259,JP
168259,US
277685,US
5896,US
257091,US
35428,RU
35428,UA
290864,HK
290864,CN
304357,GB
304357,US
159479,FR
159479,RU
269148,FR
36696,US
36696,RU
158852,US
256961,US
282631,KR
228205,US
293863,US
256924,US
309304,US
254128,CA
254128,US
254128,AU
249070,ID
249070,DE
249070,US
275601,US
332835,IN
254470,US
258480,GB
258480,US
254320,FR
254320,GR
254320,IE
254320,NL
254320,GB
287424,CH
287424,US
268920,US
171424,CA
171424,CL
171424,US
64483,RU
64483,UA
323517,IN
310593,GB
310593,IT
310593,FR
310593,CH
20968,IN
238713,US
222936,US
161545,IT
300168,HK
300168,CN
74458,IN
188222,US
286521,US
150540,US
58333,IN
131634,DE
131634,US
272878,US
257344,US
262504,US
259316,GB
259316,US
328111,US
111237,RU
337876,IN
256962,MX
256962,US
238615,US
302156,GB
302156,US
274854,US
297761,US
19620,IN
47933,US
188927,US
139357,IN
21950,US
20688,IN
15761,IN
117319,IN
14194,IN
214756,US
211672,US
49375,US
261023,GB
261023,US
206647,GB
206647,US
87533,US
321697,US
225728,FR
225728,GB
225728,US
296099,US
254905,US
21905,IN
209112,US
24686,RU
24686,UA
24686,US
264999,US
278927,GB
278927,US
316654,IN
203801,US
286372,GB
286372,US
285783,US
300671,MT
300671,MA
300671,US
273169,FR
85038,IT
147868,IT
77944,IT
51917,IT
299245,US
182560,FR
182560,GB
182560,US
336804,QA
336804,FR
336804,DE
336804,TR
189227,IN
348892,IN
256040,IN
307081,US
273481,US
291270,US
318781,GB
318781,FR
318781,DE
318781,LU
157544,US
264644,CA
264644,IE
328425,US
310131,CA
310131,US
298312,US
290751,ES
290751,GB
290751,US
283445,US
261392,CH
261392,US
274479,US
17935,RU
228066,GB
228066,US
301875,US
273477,US
245168,GB
301351,GB
301351,US
301351,FR
323272,US
276907,GB
276907,US
276907,FR
306819,DE
306819,GB
306819,US
306819,BE
306819,DK
313922,US
283587,US
328589,GB
310123,IN
287948,BE
287948,CN
287948,FR
86868,FR
31359,FR
263472,CL
263472,US
81481,KR
303991,US
10317,US
84858,IN
118051,IN
118051,GB
253412,IS
253412,US
253412,GB
336050,HU
325348,RU
325348,US
295964,US
268660,IN
257160,IN
38637,IN
159824,US
69407,IN
306745,US
314385,FR
314385,US
309809,FR
297762,US
339988,US
68730,MX
68730,TW
68730,US
129850,CN
129850,HK
141520,RU
304372,US
253414,US
146301,US
266639,US
298382,AU
294016,US
335462,CN
321741,AU
321741,US
321741,GB
227973,US
41955,RU
114564,IN
56666,IN
312221,US
157827,DK
157827,FR
157827,DE
157827,NO
157827,US
336004,US
333348,US
362136,IN
253192,RU
257088,DE
257088,US
257088,CN
368330,IN
341895,IN
285908,CA
336882,NO
300693,US
300693,AU
285959,US
338930,IN
31525,IN
329833,US
259694,US
34421,US
351819,US
274167,US
266294,US
140300,CN
140300,US
362045,IN
58431,US
174751,US
370665,IN
331190,US
329440,US
37460,IN
275269,IN
54242,US
276905,US
276905,IN
323675,US
375290,IN
335778,US
291870,US
364427,RU
300673,US
339408,US
44566,IN
296096,US
146198,US
205584,AU
205584,US
336808,AR
336808,CO
336808,VE
267860,BG
267860,US
267860,GB
279641,US
318850,US
267193,AU
267193,GB
267193,US
83902,IN
365222,HK
72051,IN
300602,ES
105254,SE
105254,US
341007,PK
14467,IN
15864,AU
15864,IN
15864,IT
15864,TH
14071,IN
111836,IN
148265,IN
19980,IN
44565,IN
34144,IN
61400,IN
85277,NL
381890,CN
301365,DK
301365,FR
301365,US
37941,IN
37941,GB
20049,IN
31626,IN
31629,IN
199160,IN
333352,GB
320588,US
2989,US
339984,US
315664,GB
315664,US
302688,CA
302688,US
357706,IN
297806,US
342521,US
375742,PL
336011,US
295699,US
369557,IE
369557,GB
369557,US
290595,US
325133,US
68016,IN
372226,IN
374465,FR
374465,DE
377985,IN
303858,US
322240,CN
322240,FR
326423,US
330483,US
323676,US
333669,LU
333669,FR
333669,GB
333669,US
153518,FI
153518,US
384737,CA
188540,IN
300983,IN
76788,IN
330418,IN
247504,IN
69428,IN
69417,IN
69401,IN
69399,IN
69427,IN
69422,IN
69423,IN
353069,US
302401,DE
302401,US
234004,CA
234004,HK
234004,US
290250,GB
290250,US
270010,MX
270010,FR
270010,DE
270010,GB
270010,US
62756,IN
86718,IN
380111,RU
332567,US
70527,RS
22315,IN
89868,AU
89868,GB
290098,KR
241259,GB
241259,US
223702,CA
223702,US
334533,US
374475,AT
374475,DE
337154,US
188183,CN
291805,CA
291805,CN
291805,GB
291805,US
339397,US
347031,US
374458,RO
374458,FR
374458,BE
308531,CN
308531,US
308531,HK
257345,US
58522,IT
259693,CA
259693,US
43074,US
302699,US
377213,IN
393562,IN
258489,CA
258489,GB
258489,US
316023,US
278154,US
345911,US
294272,US
328387,US
363676,US
376812,IN
372297,IN
15467,IN
325789,GB
308266,KH
308266,US
351809,AR
351809,FR
351809,ES
382322,US
376659,US
338766,US
300669,US
403119,GB
368940,BE
368940,FR
376660,US
351339,CZ
351339,FR
351339,GB
337674,BE
337674,FR
337674,DE
105506,IN
396535,KR
368031,DE
368031,ZA
278924,TH
278924,FR
278924,US
333484,US
32147,KR
32147,US
270774,CN
270774,HK
270774,US
376867,US
271706,CN
348668,DK
393841,IN
313297,US
95610,FR
95610,IE
95610,GB
95610,US
283552,NZ
377264,US
317557,US
317557,ZA
283366,BE
283366,GB
283366,US
346685,US
369883,US
347126,US
366080,MY
366080,IN
402672,IN
368942,BE
368942,US
368942,GB
33714,RU
315011,JP
377273,BR
377273,FR
14631,US
32523,US
324786,AU
324786,US
293767,CN
293767,GB
293767,US
351211,CA
351211,US
339419,GB
339419,US
284564,GB
284564,US
329865,US
332210,US
377447,CN
393559,CH
393559,FR
376565,RU
313369,US
369885,GB
369885,US
207932,HU
207932,US
331313,US
335796,US
136799,US
286567,GB
286567,US
402298,GB
402298,US
343611,CN
343611,US
334541,US
338964,US
340402,US
361777,ES
345920,US
33065,RU
33534,RU
392142,BE
392142,FR
347026,GB
299641,US
277834,US
376866,CL
376866,FR
376866,US
365942,US
330459,US
381288,US
346672,US
376290,FR
376290,US
291328,US
274870,US
381284,US
393457,US
332979,US
52939,RU
342737,US
311324,AU
311324,CA
311324,CN
311324,HK
311324,US
310307,US
356305,US
335797,US
413543,IN
121856,FR
121856,HK
121856,MT
121856,TW
121856,GB
121856,US
381289,US
360814,IN
195590,CN
195590,DE
195590,GB
334524,US
342473,CA
342473,FR
262841,US
370964,RU
47971,US
292280,US
324849,DK
324849,US
335791,US
383785,IN
383785,CN
409502,US
396616,NO
14564,US
63996,NL
63996,FR
393519,BE
393519,FR
324552,US
419430,US
263115,US
293167,US
180863,GB
397837,US
241258,US
295693,US
173897,FR
173897,AU
173897,CA
173897,DE
428449,US
315837,AU
315837,NZ
315837,US
315837,GB
315837,IN
315837,CN
315837,CA
315837,JP
315837,HK
341174,US
425942,ES
425942,AR
330947,US
358962,RU
73981,IN
73981,CH
73981,DE
340101,GB
433356,TR
433356,US
340676,DE
340676,FR
345938,US
395992,US
314095,GB
314095,US
305470,US
305470,CA
334521,FR
334521,GB
417644,US
353569,US
353569,FI
353070,US
403390,CA
56372,RU
137116,US
289222,CZ
289222,GB
289222,US
400928,US
368006,IN
417830,US
440642,RU
339846,US
418437,US
373569,US
282035,US
337339,US
260514,US
382614,US
443319,US
333384,US
430263,RU
31059,RU
50530,RU
350312,IN
14395,IN
399019,US
397422,US
395452,FR
338517,RU
56525,RU
260522,RU
250251,RU
62732,RU
36698,RU
37656,RU
41978,RU
324852,US
333667,CN
333667,US
29361,RU
63838,RU
375867,US
52891,UA
52891,RU
100791,RU
293768,GB
293768,US
339964,FR
272610,RU
66526,IN
72663,RU
326011,RU
8453,IN
14570,US
14570,JP
434119,KR
159447,RU
75438,RU
26147,FI
353491,ZA
353491,US
378236,US
395834,GB
395834,US
395834,CA
24049,IN
63898,RU
