movie_id,iso_639_1
862,en
8844,en
8844,fr
31357,en
11862,en
949,en
949,es
9091,en
710,en
710,ru
710,es
9087,en
10858,en
1408,en
1408,la
524,en
4584,en
5,en
9273,en
11517,en
8012,en
9691,en
9691,es
9691,nl
12665,en
451,en
16420,en
902,cn
902,fr
9909,en
9598,en
687,en
139405,ru
139405,en
34615,en
11443,en
9312,en
577,en
11861,en
807,en
10530,en
8391,en
629,es
629,en
629,fr
629,hu
11448,en
97406,en
9089,en
9089,es
11359,en
2054,en
10607,en
10607,es
9536,en
9536,ru
11525,en
11525,hu
10634,en
755,en
755,es
11859,en
11859,es
28387,en
48750,fr
36929,en
9102,en
46785,fa
400,en
880,nl
10534,da
10534,en
10534,fr
10534,de
17414,en
17414,fr
17414,ru
2086,en
61548,en
9095,en
12158,en
9283,en
9208,en
63076,en
11062,en
13685,es
13685,en
2045,en
9614,en
688,en
10874,en
197,en
197,fr
197,la
197,gd
103,en
103,es
33542,cn
33542,en
71754,en
16934,en
10324,en
78406,en
11066,fr
11066,en
11104,cn
11104,en
11104,ja
11104,zh
2074,en
44284,ar
44284,fr
11863,en
55475,es
11000,en
11000,fr
16388,en
9737,en
10474,en
22279,en
30157,en
568,en
11780,en
34996,en
414,en
649,fr
649,mn
649,es
1873,en
5894,en
1775,en
8839,en
20649,en
10329,en
10329,fr
8963,en
26564,en
8068,en
8512,en
1572,en
1572,de
1572,ro
13552,en
6520,en
6520,fr
10428,en
10428,it
10428,ja
10428,ru
9482,en
9344,en
9071,en
47608,en
2293,en
9070,en
34574,de
34574,en
1642,en
1642,es
36196,en
10533,en
10802,en
10149,en
18402,en
9348,en
281,en
79593,en
47939,en
36834,en
3512,en
9560,en
9804,en
9804,de
9804,es
26258,en
26258,de
50797,ru
76,en
76,de
76,fr
11017,fr
11017,es
11017,en
9382,en
6715,en
18256,en
18256,it
18256,sv
1909,en
8984,en
61813,en
4954,en
11929,en
8467,en
10451,zh
20156,en
20156,he
522,en
10525,en
27303,en
47867,en
72031,en
14275,en
1024,en
17207,en
17207,ru
11777,en
11777,de
628,en
628,fr
87729,en
6280,en
6071,en
11,en
9587,en
9587,de
9587,fr
18183,en
18183,es
4476,kw
4476,en
47504,en
43742,en
28313,en
3036,en
40490,en
24070,en
10510,en
8438,en
1945,en
63105,en
131957,en
241,en
241,nv
241,ja
9058,en
527,en
527,mi
18220,en
6950,en
6950,ko
6950,fr
101,en
63020,en
680,en
680,es
680,fr
41478,en
25296,en
25296,zh
40156,en
11450,en
10452,fr
10452,it
12106,en
161495,en
109,fr
109,hu
109,pl
159185,zh
28033,en
22586,en
2164,en
2164,no
2164,sv
11395,en
278,en
87078,en
20306,en
9067,en
193,en
25066,en
46797,en
36141,en
1587,en
9271,en
19855,en
236,en
48287,en
3049,en
2759,en
10497,fr
10497,en
9331,en
10731,en
9495,en
29973,en
888,en
13,en
712,en
16295,en
48992,en
48992,es
10879,en
10879,fr
10660,en
10714,en
10714,sk
8587,en
1689,en
11596,en
854,sv
854,en
9359,en
23333,en
36593,en
2788,en
10427,en
11011,en
11011,la
49803,en
8987,en
1637,en
8831,en
36955,en
36955,fr
36955,ar
36955,de
10449,en
10449,fr
10449,vi
12160,en
40480,en
29444,en
26352,en
22067,en
11667,en
11667,ja
32502,en
28732,en
226229,en
8011,en
18069,en
18069,fr
2758,en
10436,en
10436,it
13595,en
46094,en
16771,es
16771,en
11041,en
306,en
26203,en
178,en
4722,en
1607,en
1607,it
26391,en
117553,en
6075,en
6075,es
11310,en
11310,it
11310,ru
18658,en
9350,en
9612,en
2124,cs
2124,en
49299,en
9571,en
9739,en
18551,en
25440,en
9024,en
37233,en
1634,en
35588,en
35588,fr
41579,en
4916,en
2019,en
31642,en
31642,vi
9255,en
9386,en
7984,en
15765,en
6,en
329,en
329,es
10909,en
507,en
507,fr
34024,en
9593,en
22317,en
22317,de
1413,en
12121,en
10502,en
10440,en
9516,en
2320,en
11971,en
2625,en
31911,en
788,en
11231,en
10447,en
9300,en
9559,en
9800,en
713,en
713,mi
8291,en
8291,fr
18133,en
25557,en
10872,en
1245,en
11858,en
11858,es
7007,ja
7007,en
5550,en
5550,ja
8005,en
2088,en
47889,en
14534,en
14534,es
56583,en
41878,fr
41878,de
41878,es
424,de
424,pl
424,he
424,en
35233,en
14291,en
11236,en
11592,en
8850,en
10445,en
695,en
43535,en
12519,en
23210,en
858,en
867,en
78,en
78,de
78,cn
78,ja
78,hu
13203,en
10442,ru
10442,en
9607,en
17585,en
9057,en
20967,fr
20967,en
10635,en
9479,en
10057,en
11969,en
11969,la
11969,es
319,en
319,it
15139,da
15139,en
15139,fr
15139,de
15139,es
161158,en
85247,en
24405,en
8223,es
41653,sv
23637,it
17600,en
21352,en
37345,en
25403,ar
25403,en
25403,it
25403,zh
771,en
251,en
812,en
280,en
280,es
581,en
80350,en
268,en
268,fr
274,en
408,en
10020,fr
10020,en
10895,en
114,en
114,it
114,ja
41043,fr
41043,ru
576,en
576,de
576,es
59146,zh
30528,en
7300,en
10824,en
275,en
11827,en
11827,hu
8766,en
23570,en
51242,it
10112,en
46029,en
88893,it
88893,en
52873,fr
123505,en
340210,en
12520,en
1592,en
1592,es
166901,en
36447,en
19042,en
47449,en
40926,en
2021,en
61752,en
10684,en
954,en
954,fr
954,cs
68445,de
68445,is
68445,ja
68445,en
8840,en
16417,af
16417,en
10539,en
47502,en
11902,en
11902,fr
11902,de
11902,ru
11902,sr
25087,en
5801,bn
3065,en
318177,en
2300,en
8069,en
288173,es
288173,en
221917,en
8072,fr
88030,en
88030,pt
83857,en
33245,en
33245,ru
124460,en
40001,en
29621,en
117730,he
48260,en
753,en
9103,en
90214,en
10990,en
12233,en
36355,en
37667,en
11876,fr
11876,it
62364,es
9100,en
40507,es
40507,en
9802,en
21588,en
21588,it
664,en
11867,en
314352,de
9323,ja
10280,en
10535,en
935,en
40751,cn
40751,zh
9826,en
9879,en
7095,en
46732,en
627,en
32872,en
32872,fr
602,en
9566,en
10545,la
10545,en
9894,en
11543,en
9268,en
9327,en
42005,hu
44535,en
44495,en
11228,en
10779,en
26748,en
26748,es
9294,en
11363,en
11363,fr
31546,en
18550,en
11511,en
11962,en
2925,en
28628,en
3595,en
9308,en
92381,en
18555,en
12123,en
10830,en
10546,en
10546,de
31417,fr
9431,en
9431,es
297645,zh
144982,en
47907,en
10061,en
549,en
549,es
10478,en
66634,en
116690,ja
238,en
238,it
238,la
88224,en
132641,ja
9303,en
23945,en
22479,en
38955,cn
11015,en
9306,en
58770,en
10723,en
101230,nl
101230,en
10987,en
20318,en
20318,de
20318,yi
2769,en
2769,fr
2769,de
164,en
164,pt
426,en
567,en
3078,en
13528,en
213,en
284,en
239,en
4808,en
4808,fr
4808,de
4808,it
289,de
289,fr
289,it
289,en
963,en
11113,en
804,en
804,it
26531,en
909,en
630,en
770,en
599,en
15,en
62,en
62,ru
22490,en
22490,fr
223,en
223,fr
303,en
4174,en
29376,fr
29376,en
1859,en
10907,en
1939,en
3598,en
3598,zh
3598,es
3080,en
3080,it
1712,en
1712,es
3529,en
1585,en
3083,en
900,en
22688,en
26378,en
10331,en
488,en
488,de
488,sw
261,en
39940,en
11076,en
10861,en
1770,en
9333,en
47260,en
9400,en
11306,en
9625,en
10680,en
6346,en
6346,pl
35115,es
35115,en
31102,en
15944,en
173,en
24795,en
24795,fr
24795,it
24795,es
11224,en
15947,en
15947,pt
15947,es
9078,en
29682,en
8367,en
433,en
11360,en
12335,en
12092,en
10948,en
11229,en
15121,en
15121,fr
15121,it
562,en
562,de
562,it
10163,en
48862,en
117036,en
11159,en
9591,en
30500,en
41843,en
41843,de
11412,en
10586,en
42314,en
49471,en
38153,en
38153,hu
25147,la
25147,en
454,en
10218,en
819,en
38191,en
11238,en
66473,en
1834,en
252,en
252,fr
252,de
11561,en
11561,yi
11302,yi
11302,en
623,en
623,it
623,ru
583,en
12614,en
12614,fr
11575,en
11575,it
475,en
521,en
21202,it
88,en
500,en
792,en
792,vi
402,en
10537,en
11386,en
9504,en
15764,cs
15764,en
15764,fr
15764,de
15764,pl
15764,ru
601,en
67365,en
25842,en
2119,en
744,en
702,en
17642,en
427043,de
146341,bg
146341,en
11112,en
21612,it
21612,en
102461,fr
36998,fr
200383,en
200383,fr
26626,en
11843,en
10379,en
2756,en
790,en
1103,en
4480,it
4480,fr
4481,fr
49688,es
762,fr
762,la
762,en
55049,fr
531,en
4483,fr
18919,cs
18919,la
31556,en
61461,it
117500,fr
127973,en
8074,fr
38554,en
49763,en
10608,en
7452,en
64567,en
64567,fr
892,fr
1600,fr
1600,it
1600,pl
26561,en
26561,it
18129,en
409,de
409,it
409,ar
409,en
10161,en
10409,es
10409,en
2469,es
31225,en
510,en
11455,en
1891,en
85,en
85,es
85,de
85,he
85,ar
85,ne
679,en
429,it
389,en
947,ar
947,en
947,tr
185,en
595,en
28,km
28,en
28,fr
28,vi
335,en
1892,en
769,it
769,en
348,en
348,es
11645,ja
525,en
240,en
240,it
240,la
240,es
600,en
600,vi
279,en
279,de
279,it
279,la
3109,en
3109,ga
703,en
703,de
9549,en
9549,ru
387,de
387,en
387,fr
9277,en
343,en
37291,en
490,sv
218,en
763,en
9665,en
18971,en
379,gd
379,it
379,yi
379,en
207,en
37247,en
1480,en
1480,es
9322,en
9322,fr
9322,it
826,ja
826,th
826,en
829,es
829,cn
829,en
3090,en
3063,en
694,en
235,en
765,en
5925,en
5925,de
5925,fr
5925,ru
11778,en
11778,fr
11778,ru
11778,vi
137,en
137,fr
137,it
33,en
982,en
8428,en
212,en
212,de
105,en
1633,en
11202,en
1554,en
1554,it
149,ja
8009,en
903,en
11673,fr
3034,en
3034,de
339,en
339,fi
339,fr
339,de
339,it
10404,zh
914,en
914,eo
756,en
288,en
910,en
16633,en
665,en
11031,en
11314,en
89,de
89,el
89,en
783,en
783,hi
10644,en
11257,en
11257,it
12104,en
625,pt
625,en
625,fr
625,hu
625,km
830,en
642,en
642,es
655,en
10341,en
10341,fr
10341,de
10341,it
10341,ja
639,en
266022,en
168450,en
30180,en
31388,en
41801,en
18762,en
8077,en
814,en
52263,en
33519,en
16235,en
11449,en
41848,en
41848,it
25944,en
24913,en
571,en
8851,en
37843,en
6114,la
6114,ro
6114,bg
6114,el
6114,en
9529,en
7340,en
377,en
28198,it
794,en
794,it
794,la
31640,en
8744,en
25189,en
199,en
12498,en
9279,en
21539,en
21539,es
85589,no
12709,fr
20539,en
11674,en
1573,en
1573,es
152,en
174,en
172,en
154,en
157,en
157,ru
168,en
168,fi
364,en
11967,en
621,en
9037,en
10173,en
55687,en
168535,en
8845,en
578,en
579,en
17692,en
17795,en
13891,en
9390,en
9390,pl
378,en
10896,en
2322,en
2322,zh
2322,ru
41240,en
9819,en
9819,es
49799,en
31908,en
3179,cs
3179,en
1802,fr
1802,de
4232,en
9361,en
9361,fr
2928,en
2928,pt
18451,en
27265,en
49935,fr
8818,en
8818,es
36758,it
36758,en
9415,en
303693,en
303693,de
12145,en
42424,en
34314,en
9404,en
9404,ru
9404,uk
9404,zh
9404,cn
9622,en
8860,en
66597,en
14832,en
9619,en
40506,en
31000,en
31000,es
4104,en
4104,pt
26306,en
14908,en
784,cs
784,ru
784,sk
16448,en
55936,ru
28059,en
17949,en
1968,en
66,en
66,es
20735,en
20735,fr
11419,en
25796,en
25796,fr
638,en
25624,en
9366,ja
9366,en
9366,it
90928,en
18420,en
18420,es
19952,en
28005,en
9403,en
10003,en
10003,ru
9311,en
9311,iu
884,en
884,sv
1624,en
16052,es
16052,en
4477,en
24662,en
24662,de
76996,en
6499,en
9405,en
12723,en
9360,en
9434,en
13982,es
13982,en
31465,en
12793,en
102878,en
105763,ru
105763,fr
105763,ka
9611,en
9611,fr
9611,hu
9977,en
816,en
2163,en
31017,en
49478,en
49478,zh
12499,en
18,en
18,sv
18,de
109614,en
53023,fr
64802,en
64802,ru
11239,ja
50850,en
15321,en
15321,cy
2058,en
330,en
38523,fr
16375,en
16375,fr
16375,it
16375,ja
33660,en
59232,en
1701,en
1639,en
1639,pt
11970,en
11970,es
11970,el
34941,en
407992,en
8874,en
8874,fr
8874,it
266,en
266,fr
266,de
266,it
754,en
754,la
37567,en
43771,fa
607,en
607,es
18080,en
38225,en
17834,en
686,en
4421,en
10603,en
10603,es
2142,en
8413,en
8413,la
10336,en
20737,en
9413,en
9413,fr
8834,en
9458,en
8854,en
38295,en
22073,en
37244,en
4961,en
4961,it
9772,en
9772,ru
6072,en
6072,es
1669,en
1669,ru
108401,en
108401,es
10806,en
9433,en
9433,fr
9433,ru
6623,en
6623,ru
6623,sr
6623,bs
6623,hr
2118,en
978,en
10351,en
66588,en
2649,cn
2649,de
2649,en
14289,en
10155,en
20457,en
33657,en
55306,en
68924,en
36434,en
2255,en
9427,en
172545,en
3597,en
1813,en
1813,fr
1813,de
1813,it
1813,zh
1813,es
36797,en
12628,en
12628,fr
12628,ru
33344,en
25099,en
62422,en
782,en
782,eo
29911,en
9827,en
251481,en
8067,en
125052,en
10871,en
10890,en
10890,ru
10890,pl
99002,fr
1281,en
32332,en
9770,en
12616,en
34838,en
34838,fr
34838,de
34838,es
14905,bs
14905,sr
14905,en
11975,en
9281,de
9281,en
563,en
61337,en
19931,cn
19931,en
19931,fr
19931,zh
31535,en
10215,en
9823,en
37165,en
45609,en
45609,it
38904,en
4824,en
4824,ru
9444,en
9444,ru
9444,fr
9414,en
8078,en
29938,en
11831,en
11831,es
22797,ga
22797,en
2639,en
9574,en
10371,en
489,en
9714,pl
9714,en
8197,en
6283,en
49728,en
4233,en
191874,en
10217,en
10217,es
438108,en
597,en
597,fr
597,de
597,sv
597,it
597,ru
714,de
714,en
714,da
714,zh
714,cn
52537,en
547,en
25994,en
184,en
9746,en
9746,zh
9746,bo
115,en
115,he
115,es
115,de
26941,en
26941,fr
9410,en
216794,en
41417,en
12538,en
12538,pt
586,sq
586,en
2666,en
11258,en
9490,en
9490,tr
9411,en
25719,en
9033,en
9033,de
11220,zh
11220,cn
21253,en
21253,pt
6116,en
9457,ko
9457,en
39424,en
11702,cn
11702,cs
11702,en
11568,ru
11568,en
41577,en
41577,ja
11003,en
10153,en
49645,en
47112,en
47112,gd
47112,es
2898,en
9558,en
9558,es
320011,en
11808,en
6970,en
18205,es
36943,en
17941,en
10668,en
9313,en
42807,en
617,en
36568,en
36568,es
5910,ja
32911,en
44308,en
44308,fr
32456,en
32144,en
17127,en
40688,en
17133,en
19848,en
1774,en
30265,en
30265,zh
8838,en
29193,en
795,en
795,pl
16980,en
47881,en
9469,en
81367,en
81367,fr
267,es
16148,en
21252,en
73135,en
9449,en
6264,en
215373,en
31220,en
13907,en
29825,en
29825,it
10622,zh
10622,cn
10622,en
30020,fa
17139,nl
17139,en
17139,fr
17139,de
10216,en
9771,en
9771,it
9448,en
18316,en
78373,en
77514,uk
49474,en
4415,en
4415,fr
4415,es
8656,en
58680,en
35796,en
18937,en
929,en
929,fr
929,ja
929,ru
929,es
9452,en
1878,en
9844,en
40505,en
14342,en
9715,en
26610,no
26610,sv
20064,en
1965,ar
1965,en
6068,en
6068,de
6068,th
15037,en
37636,en
60951,en
21334,fa
51955,en
53765,en
10674,en
10674,zh
846,en
12655,en
3050,en
1389,en
11020,en
11020,fr
108548,fr
108548,pt
9464,en
95,en
95,ru
944,en
944,cn
944,zh
35680,en
11551,en
11551,fr
11551,hu
11551,es
102304,en
544,en
28966,en
65203,en
143,en
143,fr
143,de
143,la
33680,en
56164,en
12311,en
12311,hu
12311,ty
34106,en
34106,ru
43266,en
43266,cy
27367,en
27367,de
28580,en
887,en
33667,en
27191,en
27191,de
11426,en
654,en
15919,en
1725,en
5769,en
874,en
874,fr
874,la
874,es
10633,en
17917,en
1051,en
1051,fr
1366,en
12102,en
9443,en
9443,fr
11050,en
606,en
606,sw
746,cs
746,en
746,ja
746,zh
746,ru
380,it
380,en
403,en
403,hu
403,pl
466,en
13820,en
13597,en
2108,en
10014,en
10072,en
10131,en
10160,en
11284,en
4488,en
9725,en
9728,en
9730,en
9730,es
9731,en
10225,en
10281,en
10283,en
948,en
11281,en
10676,en
11357,en
11361,en
36599,en
41769,en
10585,en
11186,en
11186,tr
11187,cs
11187,en
609,en
11133,en
10306,en
9552,de
9552,fr
9552,la
9552,ar
9552,el
9552,en
11586,en
11586,fr
11586,es
11587,en
11587,it
941,en
942,en
942,af
927,en
927,es
9342,en
12101,en
19,xx
551,en
16084,en
22328,en
3170,en
346,ja
859,en
841,en
841,it
11051,en
242,en
242,it
242,de
242,la
1411,en
9769,en
9424,en
9835,it
9835,en
857,cs
857,de
857,en
857,fr
44322,zh
20173,en
10957,en
9570,en
65157,en
11164,en
11164,is
24736,en
10122,en
9994,en
10439,en
9354,en
28736,en
37969,en
9631,en
14013,en
1779,en
907,en
907,ru
47908,en
11974,en
26648,en
793,en
35144,en
35144,fr
35144,de
43037,en
43037,gd
10340,en
10144,en
10144,fr
10414,en
12230,en
10693,en
11335,en
11135,da
11135,en
11135,ko
11135,no
11135,sv
11319,en
13155,en
10249,en
15943,en
15943,de
10882,en
24808,en
2619,en
2619,it
65158,en
41841,en
11675,en
2107,en
6471,en
9442,en
11591,en
13697,en
19158,en
227,en
87,en
87,si
123,en
9314,en
11336,en
11336,ru
9980,en
10657,en
10489,en
10489,hu
10823,en
10823,pt
10823,es
2907,en
9454,en
8688,cs
8688,en
16155,en
48894,bo
48894,de
23954,en
23954,fr
396,en
396,la
14367,en
11814,en
11837,en
11704,en
11639,en
11639,it
4978,en
10380,en
11976,en
11976,it
15144,en
11522,en
13853,en
37530,cs
37530,en
8393,af
8393,en
21661,en
9320,en
14662,en
10692,en
34584,en
34636,en
34636,de
28070,en
28070,it
28070,ru
10278,en
36647,ru
36647,en
14557,en
4011,en
161795,en
1580,en
5854,en
2370,en
2370,fr
2370,ru
2370,es
5780,en
5780,de
5780,no
5780,sv
506,en
506,es
22527,en
22527,it
22527,es
574,ar
574,en
574,fr
574,it
11219,en
30159,en
30159,fr
30159,de
30159,it
845,fr
845,en
3682,en
46702,en
847,en
117,en
13321,en
13321,fr
13321,de
31995,en
2762,en
2761,en
2761,it
36049,en
52748,en
75793,en
64398,en
10220,ru
10220,en
10220,he
431,de
431,en
22796,en
22256,en
37550,de
37550,it
37916,it
21873,en
12626,en
3525,de
3525,en
2321,en
2028,en
16384,en
16384,hu
10699,en
11597,en
48311,en
18282,en
18169,en
11082,en
11933,en
20096,en
20096,fr
30815,en
881,en
4478,en
2109,en
24746,en
72987,en
72987,fr
8195,en
8195,fr
8195,ru
9877,en
9877,it
24016,ar
24016,en
24016,fr
14794,en
14794,la
11071,en
1091,en
1091,no
11337,en
162,en
25723,de
8916,en
28134,it
9429,en
12159,en
27791,en
10156,fr
10156,la
10156,en
10377,en
3121,en
4975,en
134368,en
4437,en
4437,ru
1955,en
11932,en
6435,en
10683,en
10683,ru
9425,en
32326,en
637,en
637,de
637,it
8675,en
8675,ja
20701,en
9945,en
9945,la
73,en
18603,en
46889,en
3033,en
3033,hu
9882,es
9882,en
9882,ar
10663,en
4518,fr
4518,en
1808,en
3600,en
17037,en
297,en
5332,en
11893,en
123056,en
12223,en
14924,en
10002,en
41817,en
12560,en
9798,en
14444,en
9487,en
9466,en
666,pt
2042,en
2042,fr
2042,sh
10162,en
10162,ga
10162,la
24018,en
39256,en
39256,ja
39256,ru
1680,ja
244,en
31947,en
8130,en
11532,en
11532,pt
9749,en
14628,en
9626,en
13698,en
10466,en
707,en
9336,en
10157,en
12118,en
10587,en
11825,en
11895,en
9447,en
12257,en
37536,en
10029,en
27104,it
27104,tr
200,en
9837,he
9837,en
11545,fr
11545,en
11545,la
11545,es
1934,en
110643,en
13764,en
1369,en
1369,vi
1368,en
1370,en
1370,ru
10303,ar
10303,en
9326,fr
9326,en
9326,es
10328,en
1367,en
1371,en
1374,en
1375,en
15196,fr
15196,en
11904,en
15596,en
15596,pt
29968,en
44326,en
1885,en
10495,en
5825,en
9489,en
16885,en
8741,en
8741,ru
9276,en
10312,en
9441,en
9422,en
125582,en
10368,en
10368,it
10368,ru
31662,en
825,en
28902,en
14709,en
9423,en
9423,ru
14443,en
10658,en
10658,pt
24086,en
11815,en
11815,fr
10344,en
10344,pl
15698,en
2620,en
16337,en
16780,en
25438,en
33278,en
33278,it
192,en
192,la
10013,en
9671,en
12278,en
18588,en
12715,hu
12715,en
8388,en
8388,de
8388,es
45712,en
10722,it
10722,es
10314,en
2112,en
16172,fr
16172,en
16306,fr
11622,la
11622,en
11622,fr
11622,de
10207,en
18892,en
13466,en
1542,en
15256,en
8224,en
18417,en
12479,cs
12479,en
12479,fr
26425,en
1847,en
8913,en
10906,en
25748,en
25749,en
14742,en
15856,en
10671,it
10671,en
27932,en
27932,hu
7227,en
7227,hu
5919,en
33518,en
871,en
1685,en
1705,en
1688,en
11123,en
29723,en
29723,fr
29723,es
31638,en
9535,en
796,vi
796,en
796,fr
100,en
30943,en
107946,en
7341,en
10350,en
11772,en
9540,en
31503,en
30202,en
30202,ru
22345,en
22345,es
53685,en
1567,fr
1641,en
10212,en
10212,it
10212,es
11526,de
28029,en
603,en
4951,en
4951,fr
8970,en
9840,fr
9430,en
11355,en
18764,cn
18764,zh
18764,ru
9465,en
27455,en
1414,hu
1414,es
49981,en
6522,en
10209,ar
10209,en
10209,fr
1902,es
6396,en
12596,en
9451,en
1946,en
1844,en
6552,en
24584,en
213985,en
3309,en
3309,es
18462,en
18252,en
8592,en
564,en
564,ar
13852,en
53862,en
4927,en
1893,en
95627,en
31498,en
29239,en
1924,en
8536,en
9531,en
9531,it
9531,es
9531,th
30793,en
3103,en
3103,es
3035,en
32023,en
29794,en
36685,en
30168,en
19483,en
8974,cs
8974,en
8974,es
27625,en
37305,en
18784,en
18784,ja
509,en
509,es
1090,en
15059,en
55912,en
84198,en
13533,en
62676,en
817,de
817,en
265966,en
14283,en
14283,fr
14283,de
14283,it
14283,zh
14283,es
37135,en
2275,en
24137,en
104,de
104,en
104,ja
15800,en
9032,en
9032,it
55955,en
6488,en
6488,es
9473,en
2767,fr
2105,en
1073,en
10239,fr
10208,en
48958,en
345,en
9825,en
133575,en
620,en
2978,en
10490,en
332,en
332,no
332,fr
332,es
1812,en
8914,en
9824,en
247,en
967,en
3175,de
3175,fr
3175,en
147,en
147,fr
21185,en
10136,cs
10136,en
10136,it
32060,en
48259,en
873,en
108312,en
11416,en
11416,gn
11416,la
11416,es
10776,en
30890,en
20242,en
2115,en
16406,en
16406,fr
10386,en
745,la
745,es
745,en
913,en
67323,en
91076,en
19457,en
19457,es
11353,en
17707,en
17707,th
9781,en
18212,en
126996,it
29056,en
26857,en
28501,en
29030,en
29074,en
24103,en
10766,en
813,en
2665,en
9406,en
9406,fr
11153,en
2280,en
28597,en
28597,it
28597,pt
10396,en
10396,es
9944,en
850,en
10342,en
10342,pl
10366,en
15122,pt
15122,en
22314,it
22314,en
22314,ru
11963,en
11963,fr
2900,en
104896,en
30964,en
30964,fr
14578,en
40694,en
40694,de
10307,en
10307,it
10307,pt
11601,en
21719,en
40879,en
49792,en
23761,en
14,en
24128,en
11001,en
704,en
24153,en
11797,en
18086,en
10669,en
11527,en
40867,en
1049,en
28032,en
11326,en
10974,cn
10398,en
2290,en
60994,en
15198,en
6415,en
6415,ar
24066,en
171982,en
10349,en
29787,en
9638,en
10576,en
12618,en
13824,en
226,en
10388,en
10388,fr
9346,de
9346,en
861,en
14412,en
9377,en
11541,en
11901,en
4929,en
85325,en
11230,cn
24453,en
18254,de
18254,fi
18254,fr
18254,ru
18254,en
56235,en
16642,en
16642,it
2593,fr
16305,en
48797,es
19997,en
535,en
535,pt
1654,la
1654,en
1654,de
1654,fr
1654,es
14831,en
658,zh
658,en
658,es
657,en
657,ru
657,tr
657,ro
646,en
646,fr
5689,en
391,it
391,es
8052,en
772,en
772,fr
65448,en
65452,en
31650,en
73575,en
550,en
12220,it
12220,en
42881,en
36819,en
9343,de
9343,it
9343,es
11562,en
8649,en
15247,sq
15247,en
5548,en
5549,en
856,en
699,el
699,en
699,it
709,en
709,es
253,en
253,hu
660,en
660,fr
46798,en
46798,es
46798,ko
26149,en
26149,es
492,en
492,fr
128,ja
2020,en
9481,en
9008,ar
9008,en
9008,ja
9008,fa
14242,en
16129,en
104103,fr
11489,fr
11489,de
51371,en
18111,en
11223,en
16281,en
16281,it
16288,en
1694,en
1694,de
476,en
37094,en
37094,es
37094,ko
73969,en
24831,en
25560,en
11510,cs
11510,en
11510,hu
957,en
11886,en
62204,xx
11040,en
21849,en
1621,en
1621,pt
40773,en
11790,en
11790,hu
29371,en
47941,en
29048,en
29048,fr
1832,en
10047,en
10047,la
10228,ja
18561,en
144953,en
11165,en
11165,ja
4203,es
24226,en
2039,en
11943,en
2690,en
27141,en
27141,de
27141,yi
10399,en
2668,en
36643,en
36643,ru
99,es
77010,en
77010,fr
9647,en
5156,it
24276,en
24276,it
26371,en
596,en
11393,en
293,en
10998,en
36094,en
9013,cs
9013,en
59820,en
59820,fr
2924,en
177,en
38557,en
13681,en
34760,en
9946,en
9946,it
9946,la
863,en
31582,en
125520,en
22267,en
10411,en
41462,en
41462,es
20024,en
20024,fr
9586,en
777,ru
777,de
777,fr
777,en
5652,en
32331,en
32669,en
10402,en
497,fr
497,en
1715,en
42739,en
26162,en
25188,en
15515,en
75888,en
2277,en
10137,en
30237,en
50116,en
46435,en
46435,fr
46435,de
46435,it
46435,ja
43194,en
43194,it
9563,en
1850,en
926,en
1213,en
1213,it
10400,en
20761,en
20761,fr
28216,en
3558,en
10384,en
632,en
632,de
632,ru
11851,en
11851,ru
26617,en
11900,de
10493,en
10493,it
16241,en
4460,en
4460,es
9644,en
35119,en
14919,cs
14919,en
14040,en
47620,en
10831,nl
10831,en
10831,de
10472,en
10472,fr
79474,es
299121,en
75531,en
46835,es
10406,en
10406,fr
14741,en
1883,ar
1883,en
2005,en
6279,en
11087,hu
11087,ru
7305,en
7305,pt
8872,cn
8872,en
8873,cn
8873,en
9869,en
619,en
9374,en
11259,en
8293,en
8293,de
11068,en
1923,en
10158,en
10206,en
11782,cn
11782,en
11782,zh
9367,es
9876,en
16562,en
16562,fr
16562,de
9609,en
12143,en
12143,es
4234,en
29076,en
49477,en
24349,en
27841,en
27841,de
1907,en
1907,fr
1907,hr
1907,sv
1907,th
15489,en
15655,en
62463,en
25934,en
14181,en
14181,ru
10385,ru
2787,en
2069,en
2069,fr
2069,es
10098,xx
43368,en
2155,en
11004,en
47816,en
25166,en
1831,fr
1831,en
14271,en
4816,en
36489,en
24481,en
11296,en
2067,en
622,en
622,fr
622,la
622,pl
622,pt
622,es
20283,en
5693,en
287,en
287,it
838,en
16958,en
68427,en
25392,en
48213,de
48213,fr
48213,en
19259,en
820,en
820,es
8989,en
918,en
11176,en
18890,en
23928,en
462,en
462,fr
9532,en
9532,fr
2383,en
25503,en
1541,en
8469,en
925,en
41823,en
1713,en
26170,en
54825,en
54825,de
13939,fr
13939,en
13939,it
13939,de
14373,en
24873,en
34746,en
996,en
1496,en
1498,fr
1498,en
1497,en
1499,en
1880,en
1880,ru
1880,es
33762,en
11690,en
29143,en
801,en
1879,en
2085,en
2085,zh
16222,en
17078,az
17078,fa
37722,en
9960,en
3082,en
52961,en
12187,en
24748,en
990,en
1908,en
1908,fr
1908,es
9764,ru
840,hi
840,en
840,fr
840,es
39890,en
2291,en
13531,en
16620,en
526,en
13346,en
243,da
243,en
10501,en
11478,en
6644,en
6644,es
41038,en
879,en
31624,it
17529,en
11327,en
11327,mt
11327,fr
1700,en
34322,en
34322,de
41659,en
10774,en
10774,de
10083,ru
10083,en
29786,en
11356,en
10747,en
10747,nv
10747,es
38809,en
10559,en
20697,en
2621,en
2621,it
17339,en
17339,es
11305,en
11305,it
11305,ja
28975,en
13665,en
12309,en
12309,ja
1552,en
106,en
106,es
10333,en
10468,en
4967,he
4967,en
4967,es
10557,en
10557,ru
10557,ur
27745,en
71402,en
13776,en
10242,en
16347,it
11654,en
10518,en
10518,fr
10518,de
10518,es
10518,yi
11977,en
18041,en
18041,it
14736,en
14736,es
3536,en
3536,fr
3536,de
3536,ru
1443,en
10424,en
28971,en
40562,es
40562,en
9456,en
9456,de
889,en
10564,en
15723,en
125537,en
36234,en
39283,en
65460,en
55667,en
5241,en
5241,ru
98,en
47724,en
47724,fr
11129,en
42159,en
16395,it
16395,en
5608,de
38925,en
13105,en
13105,de
13105,es
22501,fr
5491,en
5491,fr
10560,en
19489,en
19489,it
19489,pt
19489,es
17889,en
17889,es
18642,en
45827,fr
45827,en
5683,en
16176,it
12518,en
10567,en
10642,en
9285,en
10569,en
21879,en
98502,en
24918,ru
24918,en
955,en
8584,en
8584,zh
8584,es
29372,en
5483,it
668,en
668,de
23518,en
691,en
691,it
691,ar
31353,fr
698,en
698,it
682,th
682,cn
682,en
22994,en
40639,en
9600,en
2768,en
2768,fr
2768,de
2768,sv
24920,en
24920,it
10911,en
10911,de
10911,el
30308,en
26912,en
26954,en
26954,it
6003,en
6003,it
23939,en
11072,en
11072,de
11072,yi
21299,en
985,en
14002,en
21137,en
36724,en
938,it
1551,en
1551,fr
1551,es
22500,fr
10246,en
19698,en
865,en
9663,en
10128,en
9659,en
8810,en
9355,en
10068,en
11495,en
11495,it
11428,en
10117,en
10117,fr
25562,en
73079,en
38921,en
9679,en
31610,en
29204,en
29204,he
29204,ru
29204,yi
17814,en
11879,en
482,en
592,en
32047,en
32047,es
32047,it
9040,en
9040,it
9040,es
25364,la
25364,es
25364,en
5121,en
195,en
195,it
6978,cn
6978,en
10571,en
7450,en
7450,zh
31023,ca
31023,la
31023,es
25636,en
7443,en
2123,en
2123,de
17711,ru
28774,en
11598,en
9702,en
14864,en
12764,en
12764,vi
8348,en
17897,ar
17897,en
16094,en
16096,en
11822,de
90980,en
26270,en
494,en
493,en
12706,en
1050,en
1050,zh
1050,es
20540,en
20540,de
20540,es
1788,en
32275,en
36657,en
1448,en
36047,en
36047,fr
2655,en
12599,ja
12599,en
33828,fr
22167,en
18118,en
11940,en
24167,de
24167,it
10276,en
11624,en
11624,it
11686,en
29263,en
29263,es
46754,no
11830,ja
12107,en
10641,en
6282,en
9383,en
5551,en
2360,fr
2360,en
33408,en
11589,en
11589,fr
11589,de
15158,en
16139,en
26515,en
11856,en
11856,lo
13567,en
10860,en
27452,en
14195,en
10393,en
18168,en
8843,en
10643,ja
117262,en
37136,en
37137,en
3110,en
14698,en
9651,en
11398,en
26244,en
1588,en
12211,en
12211,fr
12211,gd
137236,en
1698,de
1698,la
10685,vi
10685,en
1619,en
1619,fr
786,en
14805,en
18074,en
29015,en
10562,en
10562,it
10562,es
201724,en
14629,pt
14629,en
16,en
13785,en
34299,en
22597,en
22597,fr
22597,ru
10637,en
9003,en
9064,en
11569,en
10434,en
10434,fr
10434,de
53617,en
2160,en
2160,fr
2161,en
911,en
10973,en
10787,en
9507,en
40446,en
1597,en
641,en
10687,en
16888,en
21142,en
78140,en
2134,en
18498,en
28605,en
13465,en
27033,en
71,en
1636,en
1636,ru
1636,es
10647,en
19204,en
19204,it
13762,en
12207,cn
11531,en
24100,en
24100,de
47302,en
47302,fr
4327,en
4327,de
4327,fi
4327,ja
4327,cn
4958,en
11978,en
8870,en
14295,en
681,en
681,de
10862,en
8871,en
34045,en
34045,fr
34045,de
10481,en
9741,en
146,zh
11849,en
11849,pl
11678,en
11678,ur
2669,en
2609,en
708,en
708,ar
708,fr
708,de
708,ru
708,cs
708,sk
1857,en
1857,ja
10673,en
2604,en
2604,es
10132,en
107,en
107,ru
40820,en
392,en
392,fr
8859,en
8859,fr
8859,ja
3981,en
3981,fr
711,en
2046,en
5001,es
5001,en
8358,ru
8358,en
25520,en
25520,fr
1493,en
1493,es
1493,fr
1493,ru
62677,en
10577,en
21355,en
21355,es
11973,en
11973,ru
1900,es
1900,en
10873,en
10873,de
15739,en
15413,en
2623,en
11209,cs
11209,en
11209,es
13715,en
9989,en
9816,en
20637,en
5955,en
77825,zh
220976,en
17474,en
22021,en
22048,en
16723,en
2018,en
74340,en
10937,en
96,en
19324,en
19933,nl
19933,en
19933,pl
12919,en
31563,en
39507,en
17159,en
10110,en
10110,ja
10110,zh
18935,en
764,en
4918,en
28368,en
52780,en
26156,en
14464,en
32227,en
580,en
24828,en
10019,en
11649,en
13509,en
13509,de
13509,pt
30175,en
22915,en
9740,en
10878,en
10878,pl
10878,pt
10878,es
7093,en
19405,en
1921,en
44412,en
23685,en
6073,en
6073,es
39180,fr
82103,pt
19513,en
2749,cs
2749,en
2749,el
2749,ru
95682,af
95682,xh
95682,en
32686,en
6028,en
29492,pt
29492,en
25447,en
28410,en
2428,en
22013,en
15598,en
17466,en
9594,en
35976,en
4986,en
2453,en
33676,en
33676,es
4587,en
31004,en
11454,en
38718,en
11607,en
4985,en
20704,en
23730,en
853,de
853,en
853,ru
10877,it
5257,en
77,en
10054,es
10054,en
10646,en
2575,en
2575,es
55,es
2043,en
2043,ru
4133,en
56715,en
56715,fr
10991,en
26791,en
634,en
10956,en
9519,en
13898,fa
196280,en
9290,en
13166,en
111,en
111,es
10477,en
10477,de
10477,es
24113,en
1734,en
1734,ar
38047,ja
8076,de
4973,fr
8095,en
8095,pt
849,en
2981,en
39266,de
11307,en
46498,en
11163,it
11163,la
18691,en
78133,en
22829,en
11936,it
25221,en
32924,en
9062,en
9062,es
934,en
934,fr
934,it
9476,en
19094,en
5852,en
808,en
824,fr
824,es
824,en
676,fr
676,en
676,ja
26813,bo
48109,es
48109,en
26255,en
22414,en
1406,en
1406,de
17664,en
1632,en
966,en
966,es
12623,en
11896,en
5923,en
5923,zh
15497,en
11090,en
21056,en
9397,en
9705,de
9705,en
26475,en
49922,en
10364,en
10364,fr
10364,it
1089,en
38043,en
9967,en
17494,en
17494,es
10297,en
10653,en
9576,en
126881,de
10865,en
10865,fr
10865,es
1995,en
10808,en
9799,en
644,en
16161,en
10691,es
10691,en
59733,en
11826,en
24470,en
9301,de
15564,en
60670,fr
40880,en
2140,en
2140,fr
2140,zh
3134,fr
8217,en
24382,it
11286,ja
11286,zh
11286,ar
11286,en
11950,en
43342,en
15875,en
15875,fr
26573,en
23439,en
11697,en
19200,en
11300,en
42780,en
20075,en
34689,en
4789,it
11536,en
10339,en
50031,en
976,en
69605,en
65632,it
4780,en
12481,zh
13333,cn
13333,en
13938,en
10540,en
9462,en
9462,it
9462,zh
2114,en
8835,en
11371,en
11371,fr
15745,en
113271,en
58904,en
13795,en
10868,en
9395,en
9395,es
14506,en
5333,en
4281,en
2,fi
2,de
26044,en
59797,en
14911,en
15592,en
19382,en
110428,fr
34604,en
14441,en
7520,en
7520,pt
10126,en
10126,es
9602,en
3980,en
10127,en
9748,en
10141,en
26386,en
34053,en
26355,en
10675,en
10675,fr
10130,en
2617,en
21362,en
30690,en
26723,en
11347,en
12144,en
13704,en
13482,en
13482,es
34014,en
12120,en
38617,en
3543,de
3543,en
51321,en
9604,en
9604,ru
24929,en
10925,en
24266,en
58434,en
38909,en
38909,es
11503,en
25497,en
25497,pl
38560,en
38560,es
26798,en
8337,en
41974,en
9493,en
12582,en
11352,en
12500,en
25678,en
32049,en
45225,en
1648,en
1648,fr
1648,de
1648,el
4105,en
4105,ja
10142,en
86093,en
10134,en
21291,en
4925,en
30352,en
14550,en
2210,en
10551,en
20713,en
27461,en
1380,en
19157,en
17190,en
55059,en
9085,en
9085,ru
14776,en
14776,de
59585,en
29185,en
32059,en
505,en
505,fr
4486,en
4486,fr
4486,it
10345,en
10222,en
12774,en
14621,en
14621,pt
14621,es
19118,en
14372,en
15138,en
9972,en
9494,en
17362,en
9942,en
8216,en
4296,en
24739,en
9686,en
27418,en
39002,en
43345,en
43345,es
31606,en
27607,en
37146,en
20006,en
8867,en
12663,en
331,en
331,es
1548,en
13403,en
13403,de
33379,en
47574,en
2171,en
87462,en
20307,en
19142,en
41946,en
10135,en
10135,pt
32767,en
32767,de
24254,en
19236,en
32261,en
12150,en
11185,en
18683,en
12521,en
12478,en
49788,en
31083,fr
31083,en
25155,en
65015,en
24077,en
9618,en
31608,en
31608,fr
2616,en
7091,en
11342,en
183,en
183,it
32330,en
24126,en
41784,cr
41784,en
41784,la
27431,it
53119,en
53119,he
53119,yi
31941,en
2057,en
2057,de
2057,ja
2057,la
2057,es
9880,en
5175,cn
5175,en
5175,zh
21596,fr
4484,fr
11684,fr
11684,de
20391,en
20391,es
12584,en
1627,fr
11542,en
11542,es
17169,en
39176,en
19267,en
2770,en
12610,en
13496,en
21055,en
24936,en
10972,en
1722,en
1722,de
1722,el
1722,it
9896,en
9683,en
2779,en
2779,pl
10016,en
26602,en
37920,en
37920,hu
37920,it
15104,en
15104,es
8922,en
11065,en
11065,fr
16314,en
16314,de
16314,it
40508,en
5922,en
27346,en
34223,en
27681,en
11370,en
11370,hu
12508,en
14033,en
47161,fa
106230,en
106230,th
35176,en
44321,es
26661,en
58062,en
2176,es
2176,en
20857,en
22617,en
22617,fr
22617,it
75386,en
2185,en
10696,en
2034,en
2034,ru
2034,es
2034,ko
21538,en
51722,ro
31016,en
32567,en
12537,en
9028,en
9028,it
16180,en
11521,en
11521,fr
11521,hu
21028,ru
21242,en
21242,fr
21242,es
29756,en
82523,en
82523,sv
20115,it
33725,en
11576,en
43802,en
9660,en
9660,ru
15393,en
248,en
248,es
40885,en
40885,ja
25905,de
25905,sk
21148,en
12502,en
66092,en
13766,en
12103,en
12103,fr
12103,it
12103,es
11313,en
9398,en
35066,en
10866,en
34549,en
9778,en
34453,en
58429,es
40220,en
166,fr
42787,en
1623,en
40932,en
32027,en
13550,en
13612,en
16769,en
27958,en
1716,fr
27059,en
57743,en
17708,en
17708,es
17708,th
17708,vi
12780,cn
570,en
570,fr
570,it
1018,es
1018,en
25641,en
16767,en
16767,ja
16767,es
11380,en
11380,fr
27396,en
984,es
984,en
15559,en
77670,en
55727,en
9585,en
9585,fa
14267,en
768,en
768,hu
768,ru
2100,en
11091,en
18192,en
11845,en
9081,en
167,en
141,en
10034,en
11457,en
10778,en
78657,fr
67385,fr
11456,en
585,en
10796,en
23949,en
11088,en
9889,en
133115,en
32014,en
13408,en
671,en
20794,en
11469,en
14369,en
1535,cn
1535,en
1535,de
1535,ar
1535,fr
1433,es
1999,sh
1999,en
50785,fr
12472,en
16441,en
31037,en
10656,fr
38766,en
38766,ja
38766,es
35284,en
35284,fr
35284,de
35284,it
14584,en
14584,de
72277,en
72277,it
5781,fr
5781,es
23805,en
23805,de
39867,en
11033,en
27145,en
27145,fr
27145,de
8738,ru
8738,en
8738,ja
28614,en
3604,en
6974,en
26398,en
10649,en
42566,en
17689,en
15983,en
14854,en
14854,es
33525,en
10650,en
8007,cs
8007,en
8007,es
8007,sh
50562,en
13503,en
31064,en
55479,en
55479,es
228,en
228,fr
228,de
23111,ru
23111,en
42597,en
194,fr
194,ru
11397,en
1903,en
11889,en
28171,en
28171,fa
28171,pl
28171,ps
9523,en
9428,en
9428,it
1649,en
11938,en
43143,en
35201,hu
35201,cs
35201,de
35201,en
42724,en
24264,en
27150,en
27150,es
26978,en
19209,en
8386,en
12589,en
120,en
11086,en
453,en
11414,en
42612,en
14683,en
45491,cn
37257,de
37257,en
8489,en
855,en
855,so
10269,en
5279,en
10950,en
1365,en
6440,en
14580,en
28296,en
27099,fr
6312,fr
6312,de
6312,it
11595,cn
11595,en
24166,en
24166,fr
24166,zh
77985,en
77074,en
18317,en
98491,en
26686,en
61934,en
848,en
848,hu
9610,en
15035,en
16127,en
16127,de
31603,en
31603,de
31603,es
32020,en
33155,en
4965,en
11888,en
150,en
15050,en
10423,cn
10423,en
11710,de
17691,en
27378,de
57976,en
651,en
651,fr
651,ja
651,ko
18647,en
18647,es
11362,en
2637,en
10229,en
35650,en
35650,fr
35650,no
11447,it
11447,la
16550,en
16550,de
16550,it
13915,en
34723,en
34723,fr
34723,de
34723,ru
31674,en
52744,en
43340,en
20009,en
2084,en
2084,ru
74692,en
39775,en
51044,en
4267,fr
4031,fr
47871,en
19562,sq
19562,en
19562,fr
11870,en
11870,fr
11870,it
9884,en
9884,es
11535,de
11535,fr
11535,ja
11535,ko
11535,ru
11535,ar
11535,en
27593,en
11212,en
11212,fr
11212,de
29887,en
28345,en
21845,en
21845,de
2441,es
931,it
931,en
17130,en
10592,en
10592,de
8470,en
8470,es
16690,en
39939,en
9272,en
19137,en
32499,en
8737,en
993,en
11698,en
11698,de
42458,en
42458,es
93427,en
93427,de
14475,en
10052,en
10052,es
11979,en
13791,en
27824,en
270306,en
9991,en
9991,it
480,en
480,hi
44340,en
18984,en
25006,de
25006,en
23479,en
23479,es
66946,en
19050,en
108266,en
108267,en
39387,hu
39387,cs
614,la
614,sv
56133,en
77955,en
2752,en
10590,en
10590,vi
10590,fr
29039,en
42517,en
115332,en
46717,en
20465,en
7219,en
7219,it
35810,en
18649,en
17058,en
13950,en
13950,fr
15186,en
31651,en
47869,en
965,en
16149,en
54287,en
25628,en
10935,en
10935,fr
10935,de
10935,pl
10935,ru
44004,en
32030,en
32030,fr
32030,de
29343,en
29343,de
39503,en
7988,en
17909,sr
14729,en
14729,sv
46973,en
30924,en
26200,en
24032,en
4499,es
11333,en
5851,en
15647,en
1391,es
10627,en
42750,en
11563,cn
12705,en
12705,es
11006,en
15120,cs
15120,en
15120,hu
15120,es
21629,en
16026,sv
36586,cs
36586,ro
36586,en
6020,en
18292,en
15028,cs
15028,en
4547,en
14635,en
1791,fr
1791,de
35651,fr
22784,en
11560,en
11560,es
11452,en
18435,en
34276,en
1537,en
12149,en
11812,en
35080,en
441,en
8346,el
8346,en
32617,en
32617,es
31671,en
2565,en
12154,en
12154,fr
12154,ru
25133,en
21970,en
21970,de
11892,en
9334,en
9334,th
10491,de
10491,en
70054,fr
11470,en
16643,en
1282,en
21220,en
11468,en
73462,en
62001,en
62001,fr
62001,de
62001,es
28117,en
40555,en
28384,en
46691,en
27094,en
26725,en
26725,fr
48482,en
557,en
44768,ja
32221,en
12227,en
10985,en
10985,it
10985,pt
2251,en
2251,fr
11240,en
86483,de
14117,en
38360,ru
29318,en
245,en
4012,en
4012,he
4012,hu
42193,en
23102,en
23102,es
1957,en
9023,en
17734,en
24008,en
1936,en
4614,ar
4614,en
4614,ru
4614,uk
4614,de
12277,en
58455,en
58455,it
13153,en
43532,en
9583,en
13245,iu
2501,en
2501,fr
2501,de
2501,nl
2501,it
9637,en
12100,en
12100,ja
12100,nv
14774,en
14774,de
27052,nl
27945,en
43139,en
30194,en
13909,en
103299,en
41805,en
41805,fr
35696,en
11544,en
180,en
180,sv
2022,en
50035,en
21972,en
608,en
59387,en
17043,en
6278,en
4147,en
14651,fr
96238,en
19731,en
49370,en
14902,en
42254,fr
42254,de
1842,en
11442,en
8665,en
10996,en
818,en
818,ja
818,de
818,fr
45861,zh
39141,en
39141,fr
149445,en
149445,de
19133,en
43915,en
24130,en
43445,it
36645,ar
36645,nl
36645,en
36645,fr
36645,de
36645,it
5155,it
10786,en
8764,en
8764,yi
8764,de
13908,en
2675,en
2675,pt
12308,it
9488,en
9962,en
9573,en
9573,es
7451,cs
7451,en
7451,de
7451,es
7451,ru
43772,fa
20337,en
18694,en
10081,en
11692,en
9266,en
9357,en
12771,es
12771,en
9296,en
15070,en
26895,ja
97447,ar
97447,fr
10323,en
9595,en
24750,en
24038,en
9941,en
9941,es
39833,en
3127,en
3127,la
10725,en
9544,en
9544,ru
23967,en
23967,fr
13536,en
20616,en
9299,es
10611,en
4108,en
4108,fr
4108,zh
46466,fr
9685,en
14361,en
41021,en
18477,en
12262,en
33506,en
41582,en
34086,en
23470,en
32961,en
32961,fr
32961,pt
29698,en
19460,es
9093,en
9039,en
23550,it
23550,tr
11013,en
129,ja
11529,en
38951,en
31005,en
31005,he
50123,en
2110,fr
2110,ja
2110,ru
9533,en
38866,en
39462,ja
24348,en
24348,es
82545,en
37606,en
39128,en
11868,en
53049,en
77079,en
77079,it
77079,es
12719,en
25001,en
1809,en
1809,de
13768,en
13768,fr
10994,en
1430,en
19973,en
12600,ja
8051,en
146269,en
15992,it
15992,en
14112,en
41324,en
49872,en
49872,it
30309,en
16646,ru
37288,ko
12647,en
12647,it
12477,ja
10285,en
11009,en
11009,it
10805,en
10805,es
17496,en
31278,en
47942,en
15668,en
19429,en
19429,de
140413,en
21294,en
11340,it
11644,en
24124,en
8691,es
8691,it
53922,en
6399,it
19123,fr
19123,it
19123,es
225,pl
24274,en
33016,en
19114,en
17205,en
10863,en
10863,de
15902,en
15904,en
12579,fr
11646,en
16124,en
42149,en
73247,en
46364,en
38665,en
63443,en
25468,en
19507,en
47886,it
47886,en
47886,es
41280,en
1672,fr
9645,en
9645,it
9645,es
9012,en
13098,en
13098,de
13440,ar
13440,en
13440,fr
13440,de
12454,ar
12454,en
12454,fr
41645,en
41645,es
1360,en
1360,fr
1360,ru
48155,es
48155,en
12208,ja
12208,en
12208,fr
12208,gd
12208,de
1941,en
26685,en
26685,it
31918,en
31918,ru
8427,en
8427,hu
8427,ru
9021,en
13526,en
9280,en
9280,fr
9280,es
65,en
10712,en
27204,en
27204,fr
27204,he
672,en
542,es
34341,en
11880,en
11629,en
12717,fr
12717,oc
13888,en
10750,en
96966,en
109962,en
13386,it
43089,en
47888,en
9538,en
9538,de
14664,en
49934,bs
9317,fr
47890,en
26325,en
69169,en
11524,en
36669,en
36669,ko
36669,cn
36669,de
36669,es
36669,is
36669,it
10426,en
10426,fr
10426,pt
8198,en
8198,fr
8198,vi
64,es
15074,en
9016,en
23303,en
66091,ru
6007,no
25239,en
25284,en
10880,de
13945,en
14433,en
14433,zu
9932,en
13369,en
13369,de
13369,es
2757,en
2757,la
7299,en
26356,it
37335,fr
35343,sv
17360,en
17360,fr
17360,de
31695,en
40952,en
40952,es
31665,en
16363,en
25297,en
67772,en
17590,en
28940,en
13497,en
11852,en
7303,en
7303,fr
201,en
2755,en
10856,en
10856,es
121,en
1429,en
13435,en
13435,ja
13435,ru
13435,es
3131,en
3131,ga
3131,la
3131,zh
2642,en
11022,en
11022,de
11022,pl
2149,en
32074,en
19067,en
19067,ru
25848,en
11317,cs
11317,en
12232,en
11706,en
11706,it
11706,ru
42569,en
4435,hi
640,en
640,fr
1574,hu
1574,en
590,en
13560,en
29339,en
423,en
423,de
423,ru
16225,en
16225,es
4912,en
107693,pt
23626,en
12090,en
12090,it
12090,de
12090,fr
44233,en
36273,en
36273,ja
36273,zh
36273,pt
36273,ru
14390,en
9582,en
11078,en
77633,en
77633,zh
598,pt
8073,en
8073,fr
15278,en
47263,en
34148,en
20813,it
20813,en
20813,fr
53027,en
24742,en
5968,en
10727,en
9045,en
9045,fr
9045,de
9045,it
31916,en
31916,fr
39349,en
44164,fr
12253,en
9358,en
125945,he
21189,en
21189,fr
21189,es
10894,en
34374,en
4193,fr
4193,en
4193,de
10724,ru
10724,en
32065,en
42136,en
3028,en
10150,en
10150,de
15600,en
15600,es
52083,en
52083,de
124963,en
23942,en
25872,en
14645,fr
17132,en
2262,en
2262,de
77073,en
30874,it
30874,es
49409,en
48139,es
48249,el
48249,en
29702,it
24830,en
24830,de
9699,en
48561,it
30789,en
81346,es
47955,en
52556,ku
52556,tr
6038,en
6038,zh
9480,en
9480,it
9480,el
14873,en
1956,en
12112,fr
50380,en
12139,en
118936,en
18587,en
18587,pt
17264,ar
17264,en
17264,it
2984,en
33364,en
33851,en
33851,hu
31598,es
31598,en
991,en
4911,en
16072,en
11615,en
11615,es
11635,en
10623,en
10623,ko
10623,ru
210938,en
21867,en
49680,ka
49680,he
6524,en
6524,es
77233,en
23834,ko
14633,fa
10678,en
10678,fr
9567,en
455,en
455,pa
36362,en
18535,en
8996,de
8996,he
8996,pl
8996,ru
125413,en
17729,en
71142,en
2671,ja
9669,ja
42618,en
66027,en
9557,en
9557,es
9557,sv
14675,en
29912,en
28881,en
10782,en
9341,en
25461,en
25461,es
12516,ja
62184,en
41938,en
79615,en
42178,en
8409,en
8409,es
1817,en
1817,sw
21052,en
9506,en
14290,en
24982,en
2662,en
42383,en
11817,en
11817,bo
11817,pa
11817,de
24621,en
13370,en
8326,en
11516,en
11516,fr
10514,en
14237,en
14237,fr
41461,en
16651,en
16651,to
12661,en
24961,en
26866,fr
31633,en
47762,fr
47762,en
2832,en
31459,en
31459,he
31459,es
31932,en
38868,en
11458,en
18736,it
18736,en
36658,en
36658,de
36658,it
46989,en
20689,en
20689,qu
20689,es
13438,ku
13438,fa
10708,en
85472,en
1816,en
1816,fr
17667,en
17464,en
10515,ja
43232,en
604,en
55616,en
10720,en
1555,it
1555,fr
1555,es
1555,en
1555,ca
1555,da
1555,de
33875,en
33875,ja
5146,en
5146,fr
5146,zh
12544,it
12,en
9654,uk
9654,en
9654,it
9902,en
584,en
584,es
39125,en
39125,fr
39125,de
39125,ru
39125,es
1088,en
1088,mi
47423,cn
29425,en
29425,it
22386,en
22386,it
32328,en
29586,ja
29586,en
29586,ms
111815,en
11890,en
11890,it
51426,es
51426,en
51426,ja
51426,nv
43490,en
43490,ja
8092,en
8092,de
290,en
44043,cs
44043,en
1403,en
46059,cs
46059,en
40085,en
40085,es
2263,en
2263,hu
2263,es
6523,en
41426,en
49842,fr
30529,en
30529,de
30529,it
30529,la
30529,pl
30529,ru
24073,en
2071,en
10152,en
31246,en
11375,en
24985,en
24985,fr
55735,en
17813,en
17813,fr
115665,es
42511,en
9471,en
9471,zh
9471,es
12800,it
15486,en
15486,ja
216,ar
216,de
47676,en
113739,en
24109,en
19957,en
18722,en
18722,hu
43039,en
43039,el
43039,ru
33454,en
48451,en
48451,es
6949,en
1927,en
1927,es
10327,en
14411,cn
14411,en
14411,it
296,en
302,en
302,fr
8698,en
8698,de
8698,it
554,fi
554,de
554,ru
61545,ar
61545,en
61545,he
61545,ru
8961,en
8961,es
17403,en
9486,ja
9486,en
9486,fr
3472,fr
3472,so
3472,es
3472,en
25921,en
24259,fr
41453,ja
11894,en
20726,en
24558,en
44916,en
1996,en
1996,zh
4464,en
12279,en
9104,en
33339,en
33339,es
71714,es
4613,en
12530,en
12530,it
45096,en
21882,en
5185,de
5185,fr
5185,ru
5185,en
10553,en
21512,en
8273,en
8046,en
50350,ar
50350,en
50350,fr
50350,it
50350,es
8094,en
26195,en
9257,en
9257,es
9257,fr
9499,fr
9499,en
17180,ja
17180,es
15292,en
12491,it
41660,en
27814,en
41206,en
33954,it
48364,en
48364,de
23395,en
47278,en
24192,it
10237,en
26755,en
42470,en
3101,en
3101,it
2055,en
11770,cn
11770,zh
11770,pt
11770,th
14926,en
2771,en
1778,en
44408,fr
54390,en
10923,en
79888,de
79888,en
114776,en
18573,en
37451,en
37451,it
37451,zh
41759,en
41759,de
37227,en
41944,en
11206,en
13154,ja
13154,en
18148,ja
636,en
3055,en
40920,en
54986,ko
43048,en
11898,en
14881,en
14881,es
26198,en
43226,ja
44585,en
35073,en
35073,fr
9051,en
9051,de
9362,en
19542,ru
19542,en
19542,fr
12268,en
12268,fr
10999,en
4593,fr
4593,es
41806,it
41806,pl
41806,es
19433,en
19433,sv
48464,en
7504,hi
6619,en
6619,fr
6619,it
6619,pl
32316,en
10610,en
2830,en
15920,cs
21413,en
38874,en
38874,fr
38874,la
38874,pt
38874,es
16405,de
16405,tr
16405,mk
16405,en
178675,en
11351,en
30246,en
2722,es
13778,en
9616,en
55015,es
55015,en
1415,en
31094,en
31094,fr
31094,de
31094,ru
7270,en
1428,en
1428,es
17906,en
17906,hu
17906,yi
153,ja
153,en
15136,cn
61054,en
4703,en
27590,en
27590,fr
27590,de
27590,ru
52734,en
14603,en
10617,zh
10617,es
10618,cn
10618,en
11293,en
36759,en
38960,sv
19383,en
53650,en
40775,en
9584,en
8408,en
14030,en
49685,en
49685,fr
2687,en
16323,en
39859,en
23325,en
19064,en
43041,hu
43041,en
28942,en
37025,en
37025,es
10739,en
12767,en
13156,en
9707,en
9707,de
20321,fr
20321,en
36791,en
36791,de
36791,fa
17614,he
7288,en
10159,pt
10159,en
10934,en
10934,fr
10934,de
10934,it
10934,pl
10934,es
54243,en
321,en
321,fr
321,it
20,en
18113,en
5168,fr
9662,fr
9662,pt
837,en
19666,en
19666,hi
19666,ur
821,en
41834,de
41834,tr
2200,de
776,fr
40440,en
16563,en
11703,pt
891,es
891,en
11832,da
11832,fr
11832,sv
51300,en
51300,ru
11806,en
10438,en
36349,en
650,en
10337,en
8446,en
8446,it
42570,en
11477,es
37753,en
37753,it
9501,en
9501,ja
4543,en
7442,en
7442,fr
14425,en
13343,en
16969,en
11338,en
13339,en
28761,en
25237,be
25237,de
25237,ru
41780,en
9871,en
33258,en
70709,en
36855,en
20238,en
47898,en
48345,en
48345,pl
38135,en
38135,tl
55950,en
39916,it
32082,en
25269,en
29449,en
29449,fr
33633,en
86763,en
78146,en
88641,en
30315,en
12772,en
18900,en
17744,en
17744,ru
62124,fr
14282,ja
21219,en
21219,fr
21219,de
21219,es
2116,en
1584,en
40945,en
19555,en
2056,en
8439,pt
8439,es
21765,nl
21765,de
21765,en
11059,en
11775,fr
11775,en
24,en
24,ja
24,fr
10930,fr
49475,fr
11329,en
11329,fr
11329,it
9373,en
1550,zh
1550,en
5493,en
5493,ja
28200,en
10629,en
9839,en
9839,am
9839,km
9839,de
9839,ce
13920,en
4256,en
1807,en
14157,en
42044,en
42044,fr
42044,de
42044,he
42044,pl
42044,yi
37922,en
31397,en
96171,en
20312,en
59809,en
135890,en
64945,en
2348,en
44591,en
18979,en
31206,en
28658,en
3117,en
20684,en
27450,en
26643,en
62327,en
897,bn
42522,en
11657,fr
27117,en
27117,it
50553,en
50553,it
44383,en
78331,en
43708,en
240177,en
30349,en
13537,en
13537,fr
13537,hu
33222,en
33222,es
10719,en
266741,en
1836,fr
508,en
508,fr
508,pt
197563,fr
197563,en
197563,it
10715,en
14892,en
12146,en
12146,es
10588,en
4970,en
470,en
11042,en
11042,fr
44708,zh
10147,en
10756,en
9562,en
9562,fr
36068,fr
11012,en
11012,fr
11012,de
11012,it
9556,en
1702,en
4823,en
10168,en
38939,en
10952,en
14022,en
860,en
41521,en
48035,da
17831,en
17831,es
31510,en
899,xx
8289,en
11583,en
11002,en
6472,en
5143,en
11384,en
8010,en
9292,en
9292,it
2297,en
951,en
951,es
5765,en
9319,en
1643,en
1643,fr
2007,en
2007,fr
2007,hu
10995,en
8047,es
2612,en
2612,hu
1825,en
10538,en
11092,en
18410,en
14904,en
19065,en
3176,ja
9261,en
9261,zh
23908,en
23908,de
14671,en
20763,en
2047,en
14249,en
14249,es
10021,en
14746,en
11824,en
8222,es
9846,en
9846,es
23719,en
483,en
10166,en
11018,en
28293,en
28293,pt
28292,en
3681,en
43875,en
17687,en
17641,en
12545,en
898,en
618,xx
44162,zh
19120,it
3089,en
3089,de
3089,it
3089,es
29845,en
29845,it
995,en
11839,en
916,en
1976,en
1976,fr
3062,en
42045,en
4939,en
15927,en
15927,hi
7857,el
7857,it
13912,en
987,en
65869,en
37749,en
30140,en
33302,fr
46932,en
81,ja
70423,en
11821,en
10023,en
51036,en
11519,en
11519,de
11519,ja
72087,en
42238,fr
15659,en
18857,cn
18857,zh
33517,en
33517,fr
33517,it
27425,ja
74544,en
41785,la
41785,es
42740,en
20126,it
11811,en
11811,it
16814,en
4368,en
25431,en
2742,ar
2742,en
22010,en
32040,en
48129,en
3596,en
24134,en
18904,en
37719,en
37719,it
1818,fr
255,fr
10744,en
10744,ru
83505,es
10511,ga
10511,en
10511,es
22289,en
10028,en
616,en
616,ja
587,en
21542,en
6964,fr
6964,en
1792,en
3635,en
41488,fr
41488,de
41488,en
41488,it
41488,la
122,en
11820,en
8696,en
19187,ru
11093,en
11093,fa
47952,en
504,en
11007,en
2289,en
9620,en
52036,en
42418,en
31026,tr
5966,en
10718,en
11034,en
30080,en
30080,de
30080,es
42599,en
42599,fr
44801,en
27465,en
31395,en
15797,en
9548,en
1882,en
1882,es
17258,en
118910,en
47072,en
43049,en
22584,en
22584,fr
27725,en
16227,en
16227,es
26884,en
37833,en
43759,en
5205,cs
5205,en
5205,de
2017,en
38606,en
14239,en
14239,pt
55448,en
21779,en
67794,en
73515,en
9696,ja
40140,en
40140,es
42040,en
3059,xx
11708,en
11708,ru
42514,en
20444,es
20444,en
114046,en
1954,en
13476,en
12634,en
15708,en
21301,en
20483,en
14292,en
1278,en
1278,fr
18841,en
19361,en
19361,ru
29493,en
37900,en
91390,en
91390,de
7008,en
42466,en
22004,en
11023,en
11023,pt
11023,es
47802,en
92298,en
35227,xx
23001,en
11221,en
1824,en
54045,fr
337,fr
337,tr
11951,en
22561,it
19345,en
12775,en
12775,la
50075,xx
40454,en
6470,en
8842,en
11132,en
615,he
615,la
11217,en
10677,en
10677,es
30735,he
338,de
2023,en
9384,en
9384,ko
60792,en
47474,de
47474,en
29084,fr
25955,en
41876,de
41876,it
24548,en
17047,en
10591,en
1586,en
11169,en
11169,ru
11169,sv
49689,de
49689,he
266687,en
2778,en
10433,en
924,en
924,it
38,en
11081,en
16941,en
1720,fr
1720,is
9541,en
20304,en
11024,en
553,en
10544,en
1487,ru
1487,en
13700,zh
13700,en
11358,en
13573,en
19084,en
14442,en
2122,en
2122,he
2122,hu
6844,en
2587,en
3591,en
28026,en
41857,en
78364,en
10338,en
10338,fr
10338,de
10338,it
10338,ja
42245,en
89488,de
47201,en
47201,es
70779,en
10843,en
34303,en
15673,en
393,en
393,zh
393,es
393,cn
237,en
10096,en
10096,fr
10096,pt
9509,en
9509,es
19016,en
19016,fr
19016,ro
19016,es
60645,en
10710,en
11058,en
11141,en
10625,sw
10625,en
10625,de
10625,vi
7131,en
7131,la
652,en
96461,en
34377,en
10375,en
12503,en
11864,en
9461,cn
9461,en
57811,pt
28276,ja
37447,en
22137,da
22137,it
22137,sv
10347,en
10347,fr
10347,de
10347,ru
30959,ja
20561,en
667,en
667,ja
667,ru
700,de
700,en
700,ru
700,es
26976,en
36670,en
36670,fr
36670,ar
36670,es
24650,hu
24650,en
55086,en
50363,en
50363,it
41003,en
294,en
11507,en
17538,en
1162,en
40930,de
10261,en
13937,en
25355,en
25355,fr
118617,en
118617,fa
14980,en
14980,hu
26670,en
204,fr
204,en
204,es
204,it
204,de
32430,en
42231,en
16113,ar
16113,en
16113,el
16113,he
42205,en
9624,cs
9624,en
25389,en
9872,en
9872,de
2786,fr
8075,fr
94771,en
94771,fr
94771,it
11533,en
24065,en
14782,en
14782,pl
9545,en
53117,es
29270,ku
29270,fa
28030,en
11060,en
11060,es
17365,en
11474,en
63888,en
10921,en
42204,en
33157,en
33157,ru
171229,es
10133,en
14590,en
9459,en
192936,en
192936,fr
17653,cn
22682,en
11577,en
21159,en
11942,en
11942,es
36206,en
36206,zh
36206,es
23330,en
3075,en
5521,en
25598,en
21948,en
21948,es
30368,ja
42090,sv
11030,en
11030,de
47735,sv
14638,en
14703,en
14703,es
3547,en
42179,en
20481,en
5481,en
31581,en
7090,en
5902,en
5902,nl
5902,pl
5902,de
5902,la
10775,cn
12762,en
14510,en
24341,en
10690,en
40028,en
26326,en
13282,en
29235,en
29235,fr
17921,en
17921,it
113,ko
28476,en
27804,en
29740,en
34288,en
26268,en
25853,en
25853,fr
43001,fr
10355,ko
14554,en
87677,en
250,da
250,en
250,de
250,sh
43267,it
41277,fr
23855,en
23855,pt
1786,en
1786,fr
1786,de
1786,el
1786,la
51182,en
14258,ko
39844,en
16914,en
35987,en
35987,fr
35987,de
35987,hu
28758,en
439,de
439,en
439,fr
439,it
823,ja
11417,nl
11548,en
20532,ja
40478,en
5722,en
19128,de
51515,en
4781,es
4781,fr
4909,fr
4909,it
4909,en
35280,en
21375,nl
33560,en
11044,en
31526,en
31526,es
27601,en
16214,en
95015,en
33738,en
17346,en
13763,en
67217,de
67217,el
11796,fr
31675,en
4507,es
4879,en
24774,ja
41779,en
1994,ru
1994,en
15573,en
39871,en
10178,en
16391,en
16391,hi
10734,en
258236,en
809,en
4599,en
12657,es
12657,en
28219,en
59210,en
673,en
16617,en
2789,en
8920,en
8193,en
47821,en
26142,en
42122,en
27017,en
27017,fr
11546,en
18387,en
52959,en
46976,en
52560,en
42345,en
76516,en
33441,ja
21793,en
18712,en
10573,tg
26451,it
54568,en
28571,en
28571,fr
52362,en
662,fr
662,de
43805,en
43805,hu
44695,en
31217,ja
31217,zh
8341,bo
15794,en
12651,en
9791,en
27554,en
9542,en
17820,en
29353,en
20277,en
10204,de
10204,en
10204,fr
10204,hi
10204,tr
10204,cn
3515,en
594,bg
594,en
594,fr
594,ru
594,es
11036,en
1997,en
1997,fr
1997,th
15237,en
15237,fr
15237,it
19096,en
72096,en
11939,en
24236,en
80218,en
26520,en
43897,en
29456,da
29456,sv
21386,en
24908,fr
25783,en
25783,es
44691,en
23378,en
3293,en
54028,en
17645,en
10448,en
57684,en
61487,en
14365,en
29383,fi
10606,en
42988,en
42988,fr
42988,it
16136,en
58669,en
42407,en
6081,en
6081,fr
36561,en
36561,fr
36561,no
49814,en
13696,en
44494,fr
44494,de
15484,en
36672,de
2330,pt
2330,fr
2330,de
2330,ko
2334,fr
13398,ja
2912,fr
10631,en
43466,en
43466,sv
2202,en
10780,en
10780,fr
3484,en
19590,en
44925,en
29264,es
33994,en
1777,ar
1777,en
202475,en
26811,en
38631,en
54022,it
23522,en
22094,en
11884,en
21871,en
558,en
558,ru
558,zh
80,en
80,fr
9477,en
9477,gd
9477,ga
9477,la
9477,cy
8699,en
11247,cs
11247,en
11247,de
2048,en
436,en
436,es
67297,de
67297,ru
67297,es
31948,en
31948,hu
31948,no
45793,en
46495,en
46495,fr
45874,en
19014,en
10754,de
10754,pl
36630,en
39770,en
39770,fr
11897,en
11897,es
314,es
314,en
18923,en
5228,en
12206,de
75046,es
75046,en
75046,ko
74012,de
74012,en
26126,en
68064,en
12625,en
12625,es
55848,fr
43417,en
43417,es
39209,de
39209,en
39209,es
20876,en
24559,en
24559,de
24559,hu
78208,fr
43786,en
43786,ja
40374,en
20316,fr
20316,es
41925,en
22871,ja
22871,en
37019,en
18190,en
18190,de
71786,ca
71786,es
42347,en
42347,de
69903,en
27307,en
32294,en
41463,en
19051,en
43485,en
51997,en
62694,en
43785,de
43785,it
53287,en
53287,es
29584,en
89482,sq
89482,en
89482,fr
89482,ru
89482,sh
89482,es
1040,it
1040,la
1040,fr
42604,en
24214,en
24214,zh
24214,ru
5122,en
42469,en
119623,cs
119623,en
119623,fr
119623,de
10910,en
17238,it
17238,en
22156,de
22156,en
22156,fr
22156,it
26814,en
26814,de
31522,fr
26893,ja
69035,es
69035,en
21619,en
42801,it
12627,en
12627,fr
17218,en
5179,en
5179,fr
5179,it
5179,la
53198,it
53198,en
65156,en
42593,en
76002,en
64868,en
15081,en
15081,fr
21147,es
21147,en
64877,en
16703,en
20298,en
19974,en
4201,en
39868,en
20408,en
13580,en
13580,hu
43013,da
43013,de
43013,en
41940,en
69526,it
69526,en
69526,fr
14623,en
50247,ja
35780,en
25361,en
45522,en
25536,cn
25536,en
38837,ru
23305,hi
17768,en
27375,en
1538,es
1538,en
14846,en
52936,en
46884,en
16606,ko
11282,en
11282,hi
11130,en
395,it
395,en
11052,en
23601,en
10762,en
11026,en
18693,en
45335,en
18690,en
65596,en
36912,en
36912,fr
46081,en
20120,en
22543,en
44415,en
11237,en
11237,ru
8080,en
14797,ja
14797,zh
14797,es
11632,en
11632,fr
11632,de
15644,en
15644,es
11208,en
24079,en
13559,en
42694,en
66566,en
124029,en
42164,pl
29979,en
41762,en
12548,it
12548,es
33345,en
33345,fr
11387,en
104659,en
24924,en
24924,it
17994,de
60437,en
31117,en
9759,en
1577,en
16232,en
5137,bo
5137,de
5137,en
11823,en
13969,fr
13969,en
10145,en
13702,en
1653,qu
1653,es
747,en
23627,en
26230,en
4176,sv
4176,en
4176,fr
4176,de
4176,tr
4176,it
11177,en
43839,en
26690,en
35101,en
10905,en
88174,en
42215,en
27816,en
12707,en
43657,en
43117,en
47446,en
54979,en
54979,es
42172,en
1492,en
8689,en
8689,it
8689,es
10555,en
11128,en
22842,en
1599,en
14024,en
14024,fr
26108,en
3989,ar
3989,en
3989,fr
3989,ko
16358,en
25313,en
11121,en
55457,en
23739,en
21241,de
21241,en
3053,en
12456,da
12456,en
12456,fr
12456,es
55047,en
18499,fr
36616,en
13644,en
13644,hu
13644,ru
41936,fr
13416,en
13416,de
11099,en
11099,de
167177,en
12483,en
184530,en
18701,en
2319,de
15566,en
1970,en
1970,ja
9675,hy
9675,en
4553,en
11109,en
202587,en
16131,en
176,en
1677,en
10740,en
9806,fr
9806,en
19614,en
47959,en
47959,fr
47959,it
47959,es
5255,en
11249,en
10589,en
9801,de
9801,th
9801,en
866,en
4251,hi
2059,la
2059,en
2059,es
140,es
11836,en
17818,en
17818,fr
17818,de
1966,en
13673,es
13673,en
174787,en
2288,en
15397,en
9550,zh
163,fr
163,it
163,nl
163,zh
163,en
36648,eo
36648,en
15788,en
18973,en
18973,es
41253,en
15787,en
35189,en
24062,en
24062,pt
43670,en
43670,ru
16248,en
15613,en
151848,en
28421,en
32558,en
30996,en
44375,en
2972,xx
58129,xx
29267,de
36841,en
57283,xx
96713,en
1405,en
964,en
697,xx
27503,en
905,de
31411,en
28189,en
3061,en
27899,en
3574,en
31592,en
43132,en
39130,en
28046,en
31511,en
43595,en
43149,en
43149,de
43904,fr
43904,ru
43693,en
24106,en
49640,en
46910,en
43689,en
43689,fr
22614,en
22614,fr
51949,fr
51949,it
51949,es
43889,en
43896,en
28910,en
27970,la
27970,en
27970,cn
31773,en
24807,en
17030,en
23389,en
54569,en
27973,en
20642,en
43867,es
43867,en
43864,en
23101,en
60562,en
46688,de
46688,en
99318,en
31868,en
46069,ja
55604,en
26635,en
17801,en
45978,ja
33523,en
33112,en
43799,en
18790,ja
18790,en
97648,en
22387,en
27655,en
23051,en
23051,de
43306,en
33049,en
47352,en
43518,en
41391,da
21622,en
28436,en
18229,en
18229,fr
18229,de
18229,es
52440,de
52440,en
52440,fr
30348,en
45219,en
18771,en
30177,en
44041,en
44041,es
26701,en
20246,en
43461,en
27448,en
29244,es
29244,en
37347,en
37347,es
3766,cn
3766,en
946,en
35032,en
20638,en
29885,en
29885,fr
25698,en
4558,fr
15390,en
15390,fr
800,es
41464,en
41464,it
43348,en
43348,es
43349,ja
99898,en
35861,ja
45213,fr
45213,it
23620,es
23620,en
31372,ja
41503,en
41503,it
94123,en
44026,en
803,fr
33319,en
33319,ja
31378,ja
19742,ja
19742,zh
19742,tl
44134,en
43234,en
54541,en
44559,en
44559,fr
44559,de
30637,en
69977,en
42661,en
43101,fr
58902,en
27029,en
46918,ja
52745,en
43047,en
72354,en
79827,en
34530,ja
34530,zh
34530,ru
64568,en
17185,en
16103,en
16103,de
13671,en
28367,hu
28367,en
3010,en
3010,de
3010,la
39222,en
39222,la
39495,en
751,en
42798,en
42798,fr
25253,en
25253,fr
25253,de
37684,en
15421,en
15421,la
15421,cy
10299,en
26031,en
3763,ja
17091,sv
13187,en
13187,es
17102,en
23194,en
23194,hu
59802,eo
16303,en
42731,en
3482,de
3482,en
29710,en
45706,ja
11047,fr
2097,ja
135,en
66043,en
10227,en
10227,fr
10227,de
26039,en
26204,en
26204,es
5767,en
5767,fr
22176,en
42634,es
42634,en
5638,en
36446,en
36446,de
14801,en
14801,ru
40430,en
24152,en
105627,cs
105627,sk
85255,en
33205,ja
38222,en
20848,ru
2998,en
31767,en
31767,la
839,en
25109,en
16328,en
16328,de
16328,es
42500,en
16154,en
34479,en
5822,en
121923,en
89417,en
17810,ja
80911,en
760,en
760,fr
760,he
760,yi
38729,en
86889,en
9474,it
27084,en
31596,en
38714,en
31587,en
22307,en
22307,fr
28498,en
21964,zh
32044,en
62761,en
30702,en
5558,fr
27977,en
8327,en
8327,de
8327,es
32940,en
29859,en
28994,de
5618,fr
1835,en
19740,en
43430,ru
32042,en
38099,zh
3870,it
6476,en
33324,en
26842,en
73100,ru
11558,en
43751,en
43751,de
43751,es
12535,en
12535,hu
77360,es
54140,en
38985,en
38985,fr
38985,de
38985,es
61280,en
16378,en
13481,zh
13514,cn
1362,en
156235,en
98851,en
29107,fr
42165,he
42165,en
33701,fr
18966,en
45169,en
45169,la
54663,en
179798,en
6341,en
29173,en
29173,it
21356,en
232,en
30707,en
15301,en
15301,fr
15301,de
15301,vi
28054,en
11609,en
11609,fr
11609,it
31939,en
48677,en
19596,en
1884,en
10179,en
47874,en
27102,fr
47359,en
27414,en
33138,en
25425,cn
17663,en
10372,en
40929,en
67342,cn
27064,en
27064,ja
10176,en
30653,en
30653,de
26555,en
10570,nl
42021,en
42021,it
24657,en
24657,fr
24657,sv
36677,en
8852,la
8852,en
26369,en
40844,en
16296,en
16296,fr
116345,en
48309,en
41967,en
41967,is
4271,fr
41949,en
16859,ja
119324,en
25943,en
11909,cn
11909,vi
60778,en
27274,en
27274,sv
9569,en
22189,en
22189,es
71805,en
71805,no
41821,zh
9399,en
30017,az
30017,fa
1662,en
31923,en
18311,cn
18311,en
18311,zh
18311,tl
1483,en
58648,en
25330,en
36351,en
34376,en
6463,en
14362,en
14362,it
14362,es
5048,en
9588,en
41792,en
25674,en
215993,en
29904,en
11198,cn
11198,zh
11198,pt
41678,ro
186809,en
19143,en
27381,en
47714,it
36288,en
31962,en
22590,en
48150,fr
14135,en
16437,en
17811,zh
12088,en
48706,en
41661,en
20339,en
11143,cn
11143,en
59051,en
18392,en
17796,en
63097,en
17809,en
17809,ja
17809,zh
11067,en
19223,fr
26830,ja
37797,ja
37797,es
12613,en
12613,ja
16233,en
29927,bs
29927,en
29927,sr
48709,fr
37431,en
37431,ja
16992,en
18415,en
36221,en
36221,fr
36221,ja
64559,fr
64559,hu
35638,en
5470,en
5470,ru
10213,en
50008,en
12095,en
1283,es
44625,en
41992,de
41992,no
41992,sv
88421,xx
17263,en
15805,en
15805,pt
41227,en
41227,es
11508,en
11508,fr
46817,fr
45935,cn
55257,fi
2487,ja
38821,fi
38821,sv
17985,da
21210,hi
21210,ml
21210,ta
21644,en
12485,en
17074,en
18491,ja
11854,hi
33491,fr
15319,ja
20882,cs
20882,ru
5458,en
65296,fr
66668,en
54491,en
54491,fr
15653,en
844,cn
844,ja
844,zh
29512,en
29512,es
71138,ja
22616,en
28943,en
16234,en
82550,fr
82550,it
82550,de
82550,en
16171,en
49671,en
49671,fr
49671,de
15917,hi
10706,en
10706,es
62529,en
25988,en
19738,ja
38294,en
18836,ru
18836,en
10757,en
10757,hi
44756,en
3577,de
47115,en
10955,en
37998,en
37998,ja
11847,ko
11847,en
11847,fr
11847,tr
11847,zh
11847,cn
41714,cn
41714,en
41714,ms
41714,zh
41714,vi
27967,en
10046,en
10046,fr
10046,de
10046,es
36243,ja
45538,es
58255,en
13899,ja
37712,ja
14809,en
35583,en
35583,de
9025,de
14752,en
14752,hi
14752,ur
11178,en
11178,ko
30839,ja
13984,en
16184,ja
14868,en
14868,hu
36353,nl
36353,en
36353,ja
4689,ko
16209,en
10077,en
10077,zh
40432,es
40432,pl
4326,de
30806,en
45572,de
45572,ko
46814,fi
46814,sv
9282,en
61485,zh
12540,en
11197,fi
11197,sv
14245,en
11774,en
16765,en
363,en
363,de
363,tr
16635,af
16635,en
12496,ja
29987,it
41070,de
41070,no
41070,sv
14527,en
40876,en
11838,ja
670,ko
85873,en
21513,ja
9667,en
13373,en
11049,en
1913,gl
1913,es
45693,en
2539,es
2539,en
14770,en
10105,en
10105,de
38398,no
1114,mn
179,en
179,fr
179,pt
83,en
12653,en
32233,cn
32233,en
32233,hi
4836,en
4836,ro
11866,en
12281,en
10320,en
16427,en
16427,de
30973,en
11420,en
57337,en
81792,ja
62276,ru
464,en
464,it
464,sv
20912,en
20912,de
20912,es
5889,ja
5889,pt
19423,en
31781,en
1392,bn
1392,en
1843,en
33102,en
291,en
51363,en
51363,fr
51363,it
11662,de
11662,ja
10103,ko
36678,en
21754,en
47614,en
47614,es
986,en
986,es
70,en
70,ga
32041,en
32041,de
32041,pl
55309,en
38724,en
205,en
205,fr
150523,en
150523,hu
88288,en
421,en
421,is
421,pt
421,fr
421,tl
421,de
421,it
9692,en
693,en
842,en
11804,en
11354,en
46021,en
47876,en
66600,en
75976,en
21259,en
22301,fr
22301,en
22301,de
21030,en
79008,en
10630,de
59143,he
59143,en
74122,en
16442,en
12576,de
12576,fr
12576,pl
12576,en
42223,de
16220,en
23832,it
23832,la
54794,en
11633,ja
12127,sv
13563,en
9947,en
9947,ja
6439,en
7214,en
26488,da
26488,es
27429,en
27549,en
44463,en
26581,en
613,hu
613,de
613,ru
11637,en
11096,en
8968,en
8968,fr
8968,pl
6961,en
24962,en
42729,en
661,en
661,de
147882,en
27007,en
29259,fr
55624,de
2436,en
2436,fr
20196,en
41968,en
41968,de
70498,en
23132,ja
23132,ko
4935,ja
8953,en
8953,ja
8953,pl
42845,cn
8488,en
12228,en
57825,en
57825,hi
57825,hu
57825,it
57825,pa
57825,es
561,en
561,pt
561,tl
10214,en
17880,en
1942,en
52778,en
10636,de
3040,de
3040,ru
43128,en
29993,en
9470,cn
30698,en
12721,en
27042,en
37232,dz
19765,cs
19765,de
19765,ru
125109,en
37527,en
29578,en
89065,fa
258,fr
4235,en
4235,fr
4235,it
51177,en
16186,en
10012,en
65967,cs
10022,en
10022,ko
4551,en
4551,ru
2026,en
9928,en
9928,it
76264,en
15771,en
6593,ja
34093,en
34093,fr
34196,pt
54380,pt
36815,en
36815,la
111017,en
33539,en
31835,en
60966,en
1918,he
20511,en
20511,es
45212,en
15018,sv
438,es
438,en
438,fr
24546,cs
24546,en
42222,en
42222,fr
42222,de
42222,ru
11297,ko
33431,ja
18770,en
18770,zh
37988,fi
40916,en
42837,de
1589,en
13374,en
9688,en
228890,en
11638,fr
11638,en
11638,pl
11638,pt
44540,en
23916,en
52277,is
32208,es
48598,de
72847,en
93313,en
32078,en
32078,el
32078,zh
26038,en
26038,de
26038,pl
45694,de
42622,en
47007,es
37748,en
37748,it
37748,es
24922,cn
24922,en
24922,zh
39327,en
12778,en
16198,ja
158,de
1772,en
16301,en
14573,ko
18774,en
28448,en
38155,cn
38155,zh
34282,en
42994,it
42994,ja
19545,ja
17592,en
17113,en
187,en
14177,en
52796,en
16551,en
26332,en
24964,en
52663,ko
49565,fr
44181,en
24619,en
37214,en
37214,ja
37214,it
37214,de
26774,en
94794,en
50435,fr
19971,en
49225,en
42691,it
42691,ro
9674,ja
24182,it
14689,en
69321,en
37512,de
9653,de
27883,en
32085,en
43824,en
41954,en
41954,fr
41954,de
41954,es
54156,de
54156,fr
40633,en
26182,en
42260,de
50183,de
50183,ru
45267,de
45267,it
33641,en
32128,en
36843,en
18871,en
18871,es
69069,en
45713,ja
124083,fr
124083,wo
68528,ja
84084,en
84087,en
7453,en
15961,de
6183,de
6183,pl
8220,es
35170,cn
35170,zh
20187,en
20628,en
43003,en
43003,fr
43003,es
31065,en
22033,en
43379,en
43379,it
9393,de
16972,en
16972,yi
13409,en
24363,en
24363,fr
13073,en
13073,he
8976,en
27360,en
29078,en
11679,en
1495,ar
1495,en
1495,it
1495,la
67445,en
11171,en
14750,en
11799,en
11799,fr
11799,de
11799,es
53116,es
24444,ja
83995,en
42626,en
43881,en
43344,es
133750,pt
133750,es
41131,cs
41131,en
41131,fr
41131,de
41131,he
41131,hu
41131,pl
31414,hu
40730,en
9463,ja
20625,en
21997,en
48130,en
48130,fr
48130,pl
24078,en
26541,en
26541,th
63066,es
18050,zh
18050,cn
18050,en
155325,da
155325,en
155325,pl
31819,en
14672,en
11628,de
11628,it
10913,en
10027,en
10027,de
10027,es
43429,es
11139,fr
1895,en
9981,en
9981,it
28423,en
34856,en
34856,zh
27,en
16373,en
953,en
953,fr
953,pt
953,es
953,th
13064,en
14358,en
14358,es
26825,en
12700,en
34309,en
921,en
9779,en
9779,el
9779,es
9787,en
9787,es
23825,en
14199,en
21295,en
9528,en
9528,fr
9528,de
9528,pl
12109,en
47945,en
65579,en
11620,en
15767,ja
15767,en
15767,cn
15648,en
15648,de
45881,en
11683,en
11683,fr
11683,it
11683,pl
11683,es
9722,en
9722,es
2287,en
18497,ar
18497,fr
18497,es
43888,en
43888,fr
9534,es
14653,fr
9976,it
9976,de
28000,en
38731,en
93775,en
25426,en
25426,es
24703,en
24703,sh
2151,en
42491,en
102841,en
12574,en
115565,en
31901,en
20914,it
22553,en
34308,en
43809,en
11588,en
74,en
16659,en
39464,ja
1667,fr
1667,en
13014,en
13014,pt
7233,en
73376,en
9738,en
14278,en
125360,en
9522,en
14922,en
14922,es
77593,en
17599,en
1826,fr
54858,cn
54858,zh
43100,de
43100,it
21886,en
21115,de
21115,ja
21115,ko
14646,fr
10476,en
11309,en
34012,en
34012,es
21366,en
21366,fr
21366,de
21366,tr
31063,en
13341,es
13341,en
9775,es
11459,en
10048,en
10048,de
10048,ko
10048,ru
10048,es
11648,en
11648,hy
123049,en
41776,en
72899,hu
72899,en
72899,fr
10542,de
12497,tr
12497,el
12497,en
5237,en
32242,ko
16320,en
16320,zh
193661,en
308,en
26935,ko
27449,en
27449,fr
85783,en
54139,en
26579,en
18882,en
6519,en
11453,nl
11453,en
11453,pl
11453,pt
9913,en
8292,es
8292,en
13922,en
13922,ja
501,en
31542,it
18165,en
27292,en
41279,en
32051,en
18976,en
42741,fr
17110,en
25975,en
68850,ar
68850,en
68850,de
46825,fr
11848,en
34921,en
53857,en
31977,en
31977,hi
6957,en
6957,es
1917,fr
79684,en
14674,it
19404,hi
94529,en
94529,it
9564,de
9564,fr
21290,en
20874,ka
20874,ru
14175,en
4442,en
4442,fr
4442,de
4442,it
59882,en
22741,en
44413,es
9042,cs
9042,en
17926,en
1985,de
1985,en
1985,it
1985,sw
9335,en
9335,fr
9335,it
1830,ar
1830,de
1830,en
1830,fr
1830,ru
1830,es
1830,uk
1830,tr
10092,en
10092,de
10092,pt
340,en
340,ru
340,uk
1546,en
23703,en
51277,en
59704,it
59704,en
65215,en
36832,en
14759,en
10753,cn
27053,fr
30230,en
11636,zh
11636,cn
11636,en
44407,en
43529,en
14286,de
14286,ar
14286,en
61044,en
61044,it
61044,es
27645,en
26259,zh
77744,en
8814,ja
8814,en
9923,en
9923,pl
7553,en
7553,ru
8202,en
2125,en
1947,en
1947,fr
16133,en
16133,ja
10319,de
49220,ar
49220,sv
17584,en
42168,en
29656,en
8643,en
9315,ar
9315,de
9315,en
9315,fr
9315,it
9315,ja
3933,en
59,en
15487,en
398,en
18651,en
30941,en
30941,es
14544,en
14544,es
20668,en
11968,en
14517,en
31227,ru
36909,en
56518,it
56518,la
10087,en
533,en
10703,cn
10703,ko
10703,zh
5236,en
14788,en
19082,en
46315,cs
9763,en
9763,es
30082,en
56475,ja
56475,en
24019,en
24019,fr
24019,he
24019,yi
15058,en
10017,en
10475,en
27974,en
11931,en
32990,fi
32990,sv
27759,en
12612,en
10707,en
10707,fr
9910,en
77468,sv
56778,en
9621,en
9701,en
45899,fa
3291,en
34662,en
20853,en
16430,en
19965,en
33241,en
2610,en
2610,pl
9729,en
15276,en
8066,en
18428,en
1656,en
1656,it
1656,es
182097,ar
182097,he
41566,en
6963,cs
6963,en
215,en
2313,en
37124,en
16729,it
178469,ar
178469,ce
178469,ru
31718,en
226594,sv
226594,en
226594,ru
10915,it
9993,en
9993,vi
25918,en
29111,fr
20128,en
20128,de
20128,hu
20128,sr
18994,en
12617,en
10799,fr
42000,ja
3554,en
14897,da
1951,en
68013,en
23196,en
259,fr
34207,es
19354,xx
81220,en
25,en
25,es
25,ar
25,la
105299,en
15083,he
15083,yi
9982,en
13994,en
13994,ru
12877,en
11661,en
11661,fr
11661,de
11661,la
5620,fr
5620,de
23220,en
43440,en
43440,es
38761,en
7974,fi
60409,tr
60409,fi
60409,en
10060,en
46917,ja
10033,en
231,ar
231,en
231,fa
231,ur
231,fr
231,zh
41764,sv
28212,fr
68098,fi
8999,en
8999,fr
8555,en
4348,en
10064,en
125300,en
125300,hu
9885,sv
9885,en
9392,en
47473,sv
674,en
674,fr
69,en
69,ru
1833,en
44163,ja
65045,it
46591,it
6795,en
108843,en
16156,en
24618,en
13499,en
7548,en
20436,cs
20436,en
6529,en
20345,it
86666,en
86666,ja
3124,en
8425,fr
2153,en
42489,en
116,en
35124,es
20416,fr
20416,en
41189,en
411,en
411,de
1904,en
1904,ja
9043,en
42687,en
14695,en
14695,es
17595,en
22908,en
16151,en
29595,en
9721,en
20858,en
20858,de
20858,es
80316,en
84847,en
23606,ja
2777,ko
8290,de
8290,fr
8290,en
8053,en
8053,es
11466,en
11466,sv
36775,en
36775,de
36775,es
612,ar
612,de
612,el
612,en
612,fr
612,he
612,it
612,ru
546,en
2800,en
2800,es
9641,en
10773,en
18840,en
18840,fr
18840,zh
18840,ru
18840,es
18189,en
88953,cs
10809,es
9687,en
33081,hi
20546,en
20530,ja
9568,it
9568,de
9568,en
43899,en
107667,es
6935,fr
20641,en
11400,en
37910,ja
13669,en
13669,de
30095,en
43355,en
92285,en
16433,en
44345,en
46041,en
46041,de
21735,en
21735,fr
21735,de
6934,zu
174865,en
34081,en
10045,fr
168705,en
168705,pt
1690,en
9900,en
9900,pt
9044,en
9918,en
17379,en
17379,fr
10982,en
25608,en
39345,da
39345,en
39345,it
44940,en
26782,uk
37865,en
37865,pt
27742,ja
4772,en
14226,ja
14226,zh
2455,fr
12701,en
21519,cn
21519,pt
27622,en
16553,en
25652,ko
12517,fr
65891,en
11246,en
49683,en
23957,en
49653,ru
27344,en
78237,es
28638,ja
14942,en
7509,hi
2117,de
36768,fi
24163,cn
1969,en
1969,es
124484,ja
13275,en
11565,en
11283,en
17,en
17,cy
27568,en
45726,en
33117,en
54227,en
25167,cn
25167,en
25167,ru
9286,en
86168,en
292,en
292,de
77291,pt
1544,en
1651,fr
33095,fr
61559,ar
61559,en
33061,en
9975,en
9754,en
10263,en
9959,en
9959,it
14256,en
9036,en
10073,en
9920,en
9920,vi
2207,en
6877,en
950,en
18493,xx
1967,en
752,en
9655,en
9388,en
9950,en
388,en
388,sq
868,af
868,xh
868,zu
14191,en
18009,en
19286,en
1379,fi
1379,ru
29481,en
55676,en
46828,en
46828,it
35555,en
582,de
88811,zh
98864,en
12763,en
31289,it
186,en
8410,en
51311,en
51311,de
21843,en
21843,fi
219,es
13751,en
52345,pt
10069,en
43887,en
3093,en
3093,de
9270,en
12591,en
12591,pl
18045,en
18045,pl
9957,en
9957,es
9389,en
9389,fr
8998,en
25428,de
84954,de
4257,en
2652,en
19126,en
80556,hi
80556,ur
39045,en
27201,en
9904,en
588,en
17247,es
9310,en
9310,es
35545,en
1557,ru
1557,de
1557,en
16367,en
8982,en
8982,zh
8982,th
8982,vi
956,de
956,en
956,it
956,zh
956,cs
956,cn
1416,ko
1416,es
9530,en
9829,en
9829,ar
9829,de
41292,zh
14384,en
14384,fr
28432,en
10008,en
7870,en
7870,it
7518,en
9786,en
9786,fr
9786,hu
503,en
503,es
591,en
591,fr
591,la
591,es
9767,en
15013,en
920,en
920,it
920,ja
920,yi
9700,en
59892,cs
20330,en
55418,fi
15402,en
32446,en
53905,en
9353,es
9353,en
2044,en
9339,en
9339,pt
9339,ja
122271,en
350,en
350,fr
58,en
58,tr
58,el
58,zh
1819,en
2295,en
9697,en
1887,en
1887,fr
1887,la
13508,en
13508,fr
13508,hu
1781,en
43155,en
42003,en
18404,en
16074,bo
16074,zh
10947,en
34186,fr
22747,en
43147,en
151590,en
9615,en
9615,ja
10770,en
10770,it
60269,en
1452,en
1452,fr
1452,de
43654,en
773,en
33005,en
1164,ar
1164,en
1164,es
1164,fr
1164,ja
1164,ru
42839,en
32740,hi
13141,en
39083,en
35199,en
15383,en
15383,fr
15383,de
9072,en
73907,en
27716,de
54111,ko
9727,en
14120,en
14120,es
76344,en
9297,en
26826,cs
5070,fr
326,en
326,th
512,en
9718,en
1593,en
1593,it
1593,he
1852,en
43610,en
47758,en
13338,en
82,en
82,es
14963,en
31152,en
1402,en
1402,cn
47880,en
51857,es
145899,fi
1948,en
1948,es
1948,ko
148,en
148,fr
148,es
77221,en
9907,en
42501,fr
63618,en
35921,en
15696,en
9762,en
14113,en
15049,en
15049,fr
7859,en
16998,en
16998,fr
16998,zh
25645,cn
39776,cn
39776,zh
11559,en
31513,en
10348,ja
10348,cn
10348,en
1023,da
59964,en
2168,en
9788,en
33813,en
1491,en
34233,en
34233,es
51601,en
9988,en
9988,de
4913,ar
4913,en
4913,fr
43006,ja
43006,en
15265,fr
29589,en
33810,en
41937,en
41937,it
14351,en
9813,en
35327,sv
22471,sv
1116,en
1116,ga
1116,la
41508,en
41508,de
41508,he
41508,hu
41508,pl
41508,yi
61564,en
50070,en
37628,es
5072,en
5072,hu
5072,ru
2566,de
2566,fr
2566,en
1249,en
9954,en
32687,fr
14057,en
7512,en
10846,ar
10846,en
10846,it
1381,en
15242,en
300,en
300,fr
300,es
16411,en
16411,cn
76117,en
9676,en
15213,cs
15213,da
15213,en
9766,en
32761,de
12249,en
12249,fi
12249,fr
12249,de
34127,en
390,en
390,de
390,pt
1595,en
1622,fr
43410,bn
43410,hi
5726,en
1579,en
65488,en
9664,en
9664,fr
12094,en
15624,en
496,en
496,he
496,kk
1417,es
24751,en
36249,en
111642,en
27275,en
27275,tr
1422,en
1422,cn
10781,en
9978,en
30025,ar
30025,en
8332,de
7510,en
28115,en
16548,en
8975,ar
8975,en
9672,en
9672,de
15005,en
39183,en
42236,it
52360,en
10070,en
1440,en
18925,en
77198,en
77198,fr
77198,es
1523,en
1523,fr
1523,de
1523,sw
14201,en
1378,en
9693,en
1124,en
3683,en
14012,en
14097,ru
6077,fr
6077,ka
6077,de
214,en
1123,af
1123,en
1123,zu
43071,fr
43071,es
11619,en
1427,en
23030,en
13767,en
33218,en
33218,de
68736,en
67880,en
67880,fr
27295,en
55831,en
20785,en
9726,en
9726,fr
9726,ru
2152,en
36215,ja
14799,en
13542,af
13542,en
13542,xh
8588,en
8588,fr
8588,de
9836,en
9809,en
9809,pl
9809,pt
9809,es
10741,en
10741,de
10741,es
9969,en
2357,en
2357,es
1581,en
21600,en
313,en
313,ru
7873,en
7873,es
7873,ko
29415,fr
2179,en
15152,de
15152,fr
15152,ar
14978,en
2447,en
2447,pt
10032,en
1372,af
1372,en
39554,en
39554,de
18147,en
2486,en
1246,en
1246,es
18615,en
12795,en
12795,ru
16066,en
46948,en
11170,en
30060,en
1125,en
8436,fr
14277,en
11214,en
11214,fr
11214,de
11214,pt
1646,en
1646,es
58923,en
1730,en
1730,pl
12812,en
12812,fr
12812,ru
34943,en
27067,ar
27067,fr
9053,en
10462,en
182,en
182,de
182,zh
182,ru
31048,en
31048,de
31048,hu
31048,no
1251,en
1251,ja
5393,en
14171,ar
14171,en
14171,es
1931,en
13967,en
9992,en
8275,en
79767,es
2433,fr
2204,de
2204,en
2204,nl
42567,en
13771,en
11972,fr
11972,it
27095,en
27095,fr
4283,en
4283,fr
4283,sw
36878,fr
19166,fr
19166,en
43470,en
19629,en
12183,en
56705,en
56705,de
37952,el
46919,cs
14137,en
15689,en
15689,pl
27432,en
36877,fr
12547,en
12547,fr
12547,it
12547,es
13140,en
13365,en
10758,en
50754,en
13668,en
7516,en
9760,en
9966,en
1257,en
1248,en
1248,de
1248,ru
9757,en
5206,da
5206,en
5206,is
5206,ru
1252,en
2062,en
11650,en
12580,en
12580,ja
2266,es
2266,fr
2266,en
2266,zh
2266,ar
5172,en
9965,en
37725,en
40973,en
13517,en
2016,ar
2016,fr
3024,en
47200,ru
9828,en
34038,en
74581,ja
9958,en
1250,en
4169,en
4169,ru
4169,ar
4169,la
16555,en
11172,en
3594,en
10090,en
10090,es
7874,cs
7874,en
52920,pl
12271,en
12271,fr
12271,sk
13185,en
28955,en
4638,en
11841,zh
94393,en
24653,it
1993,fr
1993,it
5691,it
5691,en
1738,en
1738,fr
1738,de
34389,ar
34389,ku
14375,fr
14375,it
14375,en
31659,en
15582,en
42999,it
1949,en
11330,da
99259,fi
10942,en
7006,en
9784,en
8965,en
1271,en
2267,en
2267,es
2267,th
6691,en
6691,fr
1255,ko
25105,cn
25105,en
2977,en
2977,tr
15664,en
15664,it
15664,pl
16727,bn
16727,cs
16727,en
16727,fr
16727,hi
5413,en
46916,ja
14434,en
27919,en
47837,en
9963,en
14001,en
2355,en
16385,en
7485,en
9793,en
9793,es
1273,en
42595,it
19495,en
19495,kk
19495,ro
27263,en
10051,ja
10051,en
10051,fr
9075,nl
9075,de
9075,en
9075,he
8199,en
37513,ja
17677,en
11958,fr
11958,en
20122,hu
18437,en
8270,en
57241,no
57241,sv
1683,es
1683,en
1267,en
22311,en
22311,fr
22311,de
22311,it
13249,en
1590,de
9903,en
10798,ar
10798,en
10798,fr
102227,ja
11515,en
7183,cs
7183,en
8271,en
8271,es
118536,en
23397,cn
23397,en
23397,es
35838,es
18777,en
16392,en
17422,de
17422,zh
81309,pl
15534,en
1441,en
54659,ko
10294,en
1987,ar
1987,en
1987,fr
1987,de
13067,en
1268,en
1268,fr
1268,ru
21810,en
9785,en
13280,en
559,en
559,fr
1950,en
28304,en
28304,fr
20553,en
24397,es
24397,he
24397,en
20525,ja
18549,en
37933,ja
20025,en
20025,it
49081,en
49081,fr
17439,en
13171,en
13171,es
4977,en
4977,ja
15008,en
27904,th
2269,ru
11798,en
1919,en
4964,en
1562,en
13159,en
13159,fr
13159,de
11205,cn
11205,en
36676,en
25395,de
810,en
5723,en
285,en
3432,en
15568,en
14208,fr
14208,ar
14208,en
14207,fr
14207,la
14207,mn
14207,pt
14207,en
18902,de
15860,cn
8748,en
3489,en
55823,de
55823,it
298,es
298,en
298,fr
14064,en
2241,de
39465,ja
12561,ja
36679,ja
40765,en
1691,en
1691,pl
1990,en
9408,en
1979,en
1979,ja
1979,ar
1979,zh
10288,en
45664,en
1991,en
9952,en
17035,en
17320,en
17320,it
21427,fr
1294,de
57425,it
42700,en
42700,fr
42700,it
42700,es
12713,fr
13807,cn
27138,en
2748,en
2748,it
54934,en
55859,en
55859,hu
122291,en
41930,fr
43229,en
12695,en
49870,en
37985,en
442,fi
442,sv
1988,en
1988,fr
1988,ur
3021,en
18425,en
19606,en
1571,en
1571,it
1571,fr
2959,en
6022,en
2698,en
1858,es
1858,en
14125,en
675,en
3563,en
40618,en
26185,en
31652,en
30443,en
18763,cn
11404,en
16083,en
13402,cn
13402,zh
4688,en
27359,en
43898,en
7547,en
10074,en
2270,en
757,en
35,en
5857,en
5857,pl
5857,es
3638,en
6589,en
8669,en
2503,en
2503,fr
2503,ar
2503,ru
2503,es
88527,ja
8141,en
59995,en
14217,ja
54546,cn
54546,en
54546,zh
10795,fr
25360,en
34588,pt
6535,en
2701,de
2701,en
28049,de
28049,it
23495,ar
23495,en
17350,fr
5174,la
5174,en
5174,fr
5174,ja
5174,zh
28742,en
9703,en
3542,fr
9750,en
9750,zh
10760,en
14144,en
4858,ru
4858,en
10431,cn
10431,en
10431,ja
10431,zh
12435,en
14877,en
11835,en
13385,en
6609,it
2882,fr
6916,en
6916,it
4141,en
4141,it
14348,en
14786,en
31058,it
19583,en
4347,en
4347,fr
13241,en
2009,ro
12901,en
13722,cs
13722,en
3469,en
4413,en
6973,en
7913,hi
15019,en
15361,en
2252,en
2252,ru
2252,tr
2252,uk
2252,ur
13072,en
14284,hu
20308,en
6641,en
10425,en
20942,en
20942,ja
7737,en
13257,en
10030,en
5915,da
5915,en
13680,en
4588,zh
14313,en
2728,en
2274,en
7211,en
4538,en
4538,hi
4538,de
4538,bo
2001,en
2001,ru
4517,sv
4517,en
4517,es
4566,en
6615,en
6615,es
4513,en
5125,ar
5125,en
3877,en
8954,en
4771,en
10759,en
10759,pt
14930,en
9773,en
4512,en
39893,en
13197,en
2011,en
2011,fr
2011,de
2011,fa
33688,no
20646,ja
18613,de
18613,yi
18613,el
18613,en
9911,en
15667,en
46067,en
50155,en
50155,ru
27827,en
2014,en
2014,de
2014,tr
17202,en
663,en
95560,en
25476,en
33931,en
12646,da
20605,de
20605,ko
2015,ko
7347,pt
5718,es
5718,en
18731,cn
18731,pl
37005,en
37005,de
37005,es
4982,en
5559,en
7972,en
2013,fr
6977,en
6977,es
26336,en
19026,da
5123,en
16203,en
5817,sv
13363,en
4515,en
6639,en
20714,ce
20714,cs
20714,ru
4523,en
13474,en
8079,hi
13483,ja
13483,en
2268,is
2268,en
2268,ru
2268,fr
6479,en
1989,en
25784,en
25784,vi
7350,en
7979,en
7979,pt
7979,ps
7979,ru
7979,ur
13885,en
6637,la
6637,en
6637,fr
7345,en
6538,ar
6538,en
6538,ru
6538,ur
6538,he
440,en
6575,en
14047,en
54318,en
6023,en
6557,en
7508,hi
10253,en
10253,ko
8329,ja
8329,es
7191,ru
7191,en
8090,en
11253,en
8321,en
62652,bm
62652,fr
19384,en
13490,en
37003,en
7461,es
7461,en
7942,en
13362,en
8848,en
13460,en
12222,en
12177,en
13025,en
14011,en
8944,fr
8944,en
8944,he
155,en
155,zh
8456,en
13495,es
8065,en
12890,en
4942,en
4942,de
14044,en
14044,zh
14044,ru
11483,en
11483,fr
11483,es
8988,en
10488,en
11918,en
1266,en
1266,tr
13335,en
1729,en
1729,zh
14324,en
14324,ru
8780,en
13359,en
1726,en
1726,fa
1726,ur
1726,ar
10761,en
10761,fr
10761,ru
43664,en
43664,it
8681,en
8681,fr
8681,ar
8681,sq
13001,en
13243,en
9029,en
9029,sh
13191,en
217,en
217,de
217,ru
4564,en
10665,en
9502,en
10661,en
10661,he
15691,en
8645,en
8645,fr
1724,pt
1724,es
1724,en
13405,ja
13405,zh
13405,en
10681,en
8960,en
8960,ja
15728,en
11665,en
11665,ru
13990,en
11631,en
11631,el
8265,fr
13614,uk
13614,de
13614,pl
13614,ru
13910,en
13910,fr
13910,it
16007,en
16007,ja
16007,ru
6687,en
6687,fr
6687,zh
6687,ru
6687,es
11802,en
13183,en
12133,en
12133,es
12568,ar
12568,en
12568,fr
12568,it
12568,la
8836,en
1735,en
1735,zh
1735,sa
10187,en
10185,en
10185,fr
13996,fr
13996,en
13996,de
5038,es
5038,en
10189,en
12289,zh
12289,th
10188,en
11671,en
11671,es
12180,en
13256,en
8885,he
8885,ar
8885,de
8885,en
13310,sv
10483,en
12620,en
10186,en
10186,fr
13515,en
13637,ja
4944,en
13805,en
9381,en
9381,ru
13291,ar
13291,en
8285,en
8285,fr
8285,ru
13389,en
13389,ru
13389,es
13279,en
12412,de
12412,it
12412,en
13027,en
13092,en
12182,en
12113,ar
12113,en
13600,en
10358,en
10523,es
10523,en
12837,en
7735,de
13150,en
14325,en
13809,en
13809,ru
3580,en
12405,fr
12405,hi
12405,en
15373,en
13672,en
13672,fr
11917,en
15749,en
15749,pl
15749,ru
14405,en
6972,en
6972,ja
13053,en
10139,en
13387,en
13387,uk
13387,fr
13387,ru
13387,hu
12193,en
14574,en
14438,en
14248,en
13056,ru
13056,en
14359,en
13223,en
8055,en
8055,de
8055,el
8055,la
11321,en
11321,es
12163,en
4922,en
10201,et
10201,en
10201,ko
2253,en
2253,de
10202,en
13973,en
4148,en
15676,en
14306,en
12429,ja
14756,zh
14756,ja
14756,cn
10199,en
13177,en
14139,es
12437,en
2309,en
13825,en
14560,en
13788,en
13788,he
50318,en
14836,en
13455,en
4959,en
4959,fr
4959,de
4959,it
4959,ru
10362,en
10184,en
15189,en
20829,en
19255,en
8832,it
20421,en
16538,en
16558,en
16558,de
16558,ru
16558,es
13811,en
16353,cs
16353,zh
16353,ru
16353,th
15472,sv
15472,en
13090,en
13090,es
15512,en
14637,en
13804,en
18947,en
16996,en
16869,de
16869,en
16869,fr
16869,it
16995,cn
16995,en
17431,es
17431,en
18320,en
18320,de
17436,en
17680,en
17680,fr
13475,en
17532,en
15577,en
534,en
534,it
18360,en
21755,en
21755,fr
21755,cs
21755,ja
17332,en
16871,en
16871,es
16871,hu
16871,cs
17927,en
18785,en
17609,en
16345,hi
14451,no
18162,en
17610,en
12162,en
12162,ar
12162,tr
8373,en
8373,es
8355,en
24927,en
24927,ru
10024,hr
10024,en
69426,en
69426,ta
69426,te
19913,en
19913,fr
19913,sv
16911,ru
767,en
22215,en
22215,fr
22215,it
22215,la
21208,en
21208,et
21208,fr
20943,en
12403,en
20856,en
17654,af
17654,ny
17654,st
17654,xh
17654,zu
17654,en
24803,en
24803,fr
17335,en
13836,en
18126,en
14869,en
14869,fr
14869,gd
17134,cs
17134,en
50719,en
25183,en
19585,en
41682,en
25704,en
23049,en
60216,en
60216,de
23451,en
23451,it
25376,es
12244,en
19898,en
19898,vi
19898,de
10313,en
19994,es
19994,en
11323,en
12569,en
19912,en
18501,en
22794,en
16873,en
25643,en
29963,fr
29963,en
22074,en
22074,pl
12573,en
12573,he
12573,yi
28053,en
22798,en
23082,en
23082,pt
19959,en
19959,fr
19908,en
22787,en
22787,ru
24684,en
18710,it
18710,en
19899,en
23706,es
23706,en
11807,hi
11807,it
16523,en
25132,en
12572,cn
12572,en
12572,fr
12572,gu
12572,yi
22803,en
8915,en
24238,en
24238,yi
22947,en
22804,en
24418,en
22821,en
22821,it
22821,es
24804,en
24804,it
16577,en
10315,en
36278,en
54648,en
14161,en
14161,fr
14161,hi
14161,it
14161,la
14161,zh
14161,pt
14161,ru
14161,bo
22825,en
22824,en
25793,en
25793,it
18239,en
18239,it
28089,en
28089,es
22832,en
33273,en
33273,es
33273,eu
22881,en
22949,en
22949,uk
16866,en
16866,es
51284,ru
7980,en
22954,en
4597,en
4597,de
24438,en
24438,it
24438,ru
24438,es
24438,uk
19995,en
19995,es
10197,en
10197,fr
10197,it
22897,en
22897,fr
10528,en
10528,fr
25196,en
25196,es
23398,en
23398,fr
15772,hi
40494,en
40494,it
148077,fi
148077,en
19901,en
28178,en
28178,ja
25195,en
20504,en
33613,sv
31175,de
31175,el
40229,en
17606,en
2395,fr
2395,pt
20453,en
20453,hi
46336,en
27569,en
12201,en
8952,en
32856,en
11324,en
11324,de
32657,en
23742,en
23742,es
23172,en
30128,en
26428,en
12273,hi
12273,pa
15357,fr
22971,en
23023,en
10664,es
26022,en
26022,hi
26022,ur
17277,en
34016,en
23169,en
12834,en
24973,el
24973,en
31867,en
23048,ru
23048,en
28211,en
10191,en
28510,bg
28510,en
27936,fr
23483,en
35056,he
35056,en
27586,en
26178,it
33217,en
21345,en
21345,de
21345,ja
21345,zh
34813,en
32985,ar
32985,en
10138,en
10138,ru
10138,fr
37931,en
37931,ru
37495,ar
37495,en
37495,ur
38542,en
31261,en
46705,en
37821,en
26388,en
9543,en
37786,en
37786,ar
32823,en
34806,en
28871,en
20533,en
10193,en
10193,es
39013,en
10192,en
24021,en
36691,en
34647,en
34647,ja
10196,en
34851,en
34851,es
34851,ru
20352,en
27205,en
38365,en
27022,en
22556,en
39781,en
27576,en
27576,ru
27576,ko
31011,en
65212,en
38778,en
37472,zh
37472,cn
37472,en
37950,en
27581,en
28426,en
27578,en
27578,es
22538,en
44629,en
23759,en
23759,gd
39800,en
41479,cs
41479,en
41479,fr
191550,en
42194,ja
42194,zh
42194,en
38358,en
27579,en
27579,it
41233,en
40264,en
40264,es
35791,en
35791,es
35791,ja
37799,en
23168,en
37735,en
33909,en
41216,en
39691,en
39691,th
41402,en
44040,es
44040,en
44040,uk
38408,en
44639,en
43933,es
43933,en
45094,en
42188,en
44549,hi
44549,en
16290,ro
16290,en
39514,en
39514,ru
43931,en
41211,fr
41211,ja
41211,es
41211,zh
41211,ar
41211,en
46332,ar
46332,fr
41436,en
44603,en
44603,fr
41439,en
41733,en
41733,es
44115,en
38055,en
43539,en
44147,en
43434,fr
43434,de
43434,en
43434,es
43434,ar
43434,hu
43434,ja
43434,ru
38757,en
45317,en
47088,en
48838,en
42684,en
38117,en
43347,en
10140,en
37710,en
37710,fr
37710,it
37710,ru
37710,es
43930,en
20526,en
44009,en
46829,en
41283,en
39451,en
33870,en
33870,zh
42297,en
51739,ja
46838,en
41515,en
46689,en
46689,pt
40805,en
40805,zh
49009,en
49009,pl
49009,ru
46528,en
46528,th
14070,hi
23047,la
23047,en
49849,en
44564,en
112284,en
41630,en
50348,en
48171,en
48171,it
48171,hu
48171,ru
48171,la
48171,cy
78353,en
45272,en
48340,en
45772,en
43552,en
39513,en
4704,en
47327,en
44896,en
50725,en
38050,en
48988,en
49494,en
46529,fr
46529,en
51200,en
51200,ko
44943,en
31162,ru
50546,en
49730,en
38322,en
45132,en
46146,no
45612,en
23629,en
23629,de
58232,de
58232,en
57521,ca
57521,es
49018,en
49010,en
55725,en
44898,ar
44898,en
44898,he
60307,en
53172,en
50359,en
50359,ja
50359,th
73191,en
58857,ja
50456,en
50456,fr
50456,de
50456,it
50456,ar
50456,es
46523,nl
41446,en
46195,en
46195,pt
57695,fr
10195,en
56780,en
55787,en
55787,pl
51497,en
51497,es
51497,pt
51497,it
54524,en
54524,de
54524,it
46738,fr
46738,ar
46738,en
43959,en
50780,en
1865,en
1865,es
59436,en
59436,fr
59436,de
59436,es
45243,en
45243,th
42889,en
42889,fr
57276,hr
57276,en
57276,fr
57276,de
57276,it
57276,ko
57276,pt
57276,ru
57276,es
49950,en
42571,it
42571,es
49444,en
49538,de
49538,en
49538,es
49538,fr
49538,ru
52505,en
45658,en
55347,en
55347,fr
37686,en
44912,en
52449,en
35688,en
38356,en
59861,en
38319,en
60062,en
22907,en
38317,en
51540,en
49013,en
49013,ja
49013,it
49013,fr
45657,en
67109,en
67109,hi
12445,en
64690,en
58882,zh
58882,en
1771,fr
1771,no
1771,en
50646,en
67913,ga
67913,en
51162,en
41513,en
50544,en
55846,en
59968,en
39806,en
63943,en
63943,pa
61791,en
50014,en
62206,en
62206,de
62206,es
55779,en
55779,cn
60309,en
55465,en
56288,en
46261,en
55420,en
62835,en
62835,es
43942,en
51588,en
48572,en
55720,en
55720,es
65055,en
65055,pt
39538,en
39538,cn
39538,zh
60308,en
48231,en
59440,en
10316,en
74725,sv
74725,en
49021,en
37822,hi
40807,en
74643,fr
148284,en
148284,ta
148284,hi
56401,en
39254,en
71859,en
49530,en
50839,en
72571,en
58233,de
58233,cn
58233,en
58233,zh
58233,ru
59965,en
53487,fr
53487,hu
69668,en
32909,en
32909,zh
45610,ar
45610,en
59108,en
88794,en
73499,en
44826,en
50875,en
37958,el
37958,en
71880,en
62630,en
70586,en
60422,en
60422,fr
60422,de
65057,en
60420,en
64328,en
50619,en
50619,pt
57212,th
57212,en
23514,en
23514,de
23514,es
75900,en
70590,en
70590,gu
70590,hi
70590,mr
20002,de
20002,hi
38336,ru
53457,en
53457,fr
53457,de
53457,it
53457,yi
57431,en
64685,en
75622,en
65759,en
56601,en
62046,en
70074,en
76163,en
43546,en
43546,es
43546,fr
70160,en
49026,en
49040,en
49040,ru
58574,en
57157,en
62838,en
56292,en
56292,ru
56292,fr
56292,ar
56292,sv
74465,en
71469,en
55301,en
73873,en
73873,fr
79777,bs
79777,hr
79777,en
79777,sr
52520,en
52520,ru
70435,en
70435,es
50357,cs
50357,en
74998,en
72431,en
72431,fr
72431,de
77338,en
77338,fr
54054,en
78698,en
57809,ru
48492,zh
48492,es
76726,en
66120,fr
72570,en
84200,en
53174,de
30596,zh
30596,cn
30596,en
16564,nl
16564,en
16564,de
72213,en
73937,en
49529,en
63493,en
82532,en
81796,en
61984,ja
81025,en
57165,en
10679,en
10679,de
71552,en
76489,en
44833,en
44833,th
74534,hi
74534,en
72207,en
67660,en
77877,en
57119,en
76493,en
76493,he
41154,en
58595,en
78206,en
78206,fr
72197,en
70981,gd
70981,en
83666,en
49014,en
72358,en
201703,en
80321,en
80321,es
80321,th
84355,en
76494,en
81836,it
81836,en
72331,en
44877,en
96399,es
96399,en
80585,en
80585,th
88005,en
77930,en
83770,en
83770,fr
57800,en
84175,en
80035,en
84165,en
84165,fr
84165,it
73567,en
37724,en
77174,en
82650,en
79224,ko
82633,en
77883,en
48034,fr
79694,en
84174,en
59967,en
87428,en
84329,en
71679,en
68722,en
60599,en
84892,en
102784,pt
88036,en
88036,fr
82675,en
82675,tr
82675,ar
82390,en
88273,de
88273,da
88273,en
88273,fr
82505,en
126509,en
97365,en
97365,fr
97365,pl
101267,en
62214,en
82507,en
82507,pt
82507,fr
82507,br
76492,en
68734,en
68734,fa
86838,en
86838,vi
57089,en
82990,en
94348,en
94348,de
83542,en
64689,en
113947,en
84341,en
82690,en
47878,en
82693,en
87502,en
87827,en
87827,fr
87827,hi
87827,ja
87827,zh
87827,ta
86837,fr
72976,en
50620,en
81188,fr
81188,en
85446,en
76349,fr
76349,zh
76349,en
84305,en
84305,es
106135,en
117629,he
127501,hi
97630,en
97630,ar
139567,en
82654,en
82687,en
75780,en
68718,en
68718,fr
68718,de
89492,en
80278,en
80278,es
80278,sv
80278,th
128270,en
41592,en
88042,en
116613,sr
116613,en
82682,en
68812,en
132232,en
145197,en
98357,en
84336,en
77117,ko
87818,en
119283,en
70829,ko
87499,en
58244,en
109421,en
109421,fr
109431,en
47964,en
47964,ru
107811,en
123678,en
123678,id
122857,en
68179,en
132344,en
132344,el
132344,fr
134411,en
134411,es
145135,en
130739,en
130739,de
81005,en
146203,en
72559,en
86825,en
68728,en
49519,en
122081,en
117263,en
117263,ko
97367,en
97367,es
144340,en
68727,en
68727,fr
75612,en
127517,en
4258,en
134374,en
176124,en
176124,de
68721,en
103731,en
101501,en
54138,en
116741,en
77987,en
77987,th
109439,en
82992,en
82992,ru
82992,es
116711,en
152780,fr
104755,en
119675,en
82700,en
75656,fr
75656,en
49521,en
87567,en
87567,es
87567,la
158015,en
62211,en
152742,en
72190,en
68724,en
127373,en
117251,en
107985,en
136418,en
136795,en
136795,es
136795,bg
157386,en
206324,hi
49524,en
77950,en
76170,en
27957,tr
136400,es
136400,en
151743,zh
160588,en
179144,it
179144,ja
179144,es
179144,zh
76285,en
77931,en
177699,en
23535,en
76544,cn
76544,en
76544,zh
138832,en
109418,en
59735,es
59735,en
115348,en
115782,en
123553,en
132363,en
122906,en
205022,hi
205022,ta
169209,en
33196,en
33196,ko
111190,en
211954,es
211954,en
146227,en
212716,en
146233,en
164457,en
156711,en
129139,en
220714,hi
109417,en
114726,en
129670,en
129670,es
193613,en
165904,hi
146238,en
209262,en
190754,en
190754,fr
190754,de
190754,it
190754,tl
109451,en
109424,en
109424,so
106747,en
106747,es
85889,en
107846,en
107846,de
107846,ar
107846,ur
162903,en
109091,en
152747,en
80274,en
208134,en
76338,en
152532,en
152532,ja
123377,ko
175574,en
137093,en
146304,en
209274,pl
101299,en
57158,en
146239,en
86829,en
106646,fr
106646,en
204082,en
192136,en
192136,af
192136,xh
152737,en
168672,en
152601,en
193756,en
140823,en
49852,da
49852,en
109443,en
142487,es
82679,en
169881,en
14499,en
64807,en
153158,es
153158,en
127560,en
168530,en
157350,en
79316,en
41374,en
217993,en
217993,de
185008,hi
92834,tr
126319,fr
100241,en
130150,en
157841,en
152760,en
152760,de
152760,ru
152760,fr
137106,en
157834,en
137321,en
222899,en
120467,en
120467,fr
225565,en
157336,en
225574,en
225574,de
82703,en
136797,en
177494,en
235260,en
235260,he
192577,ja
100402,en
190955,es
190955,en
190955,it
193612,en
157547,en
249660,en
172385,en
172385,pt
157353,en
236751,en
254473,en
210479,en
49158,en
19703,hi
252680,en
127585,en
59981,en
212778,en
212778,es
232672,en
102651,en
137113,en
177677,de
177677,en
177677,sv
209185,en
175541,en
114574,en
244088,it
156022,en
82702,en
194662,en
87368,fr
85350,es
85350,en
209451,en
91314,en
218836,en
262340,en
226486,en
242224,en
244786,en
210577,en
119450,en
253235,en
225886,en
238636,en
118340,en
138103,en
157849,en
231576,en
238603,en
243683,en
157845,zh
157845,en
229297,en
228194,hi
228194,en
228194,fr
227156,en
193893,en
189,en
249164,en
282813,en
209189,en
256274,en
241848,en
204922,en
199933,en
192145,it
192145,en
154400,en
198663,en
169917,en
282296,en
264656,en
254904,en
170687,en
149871,ja
190859,en
246403,en
250546,en
49017,en
239571,en
239563,en
218778,en
242512,en
36523,en
236735,es
236735,tr
17108,zh
87492,en
199534,de
199534,en
77951,en
171274,en
131631,en
147441,en
100042,en
13646,nl
227735,en
232679,en
192558,hi
36683,ja
241771,en
205775,en
135397,en
227159,en
270946,en
253331,en
256917,ru
256917,tr
256917,el
256917,en
284293,en
116149,en
294254,en
246860,de
246860,en
246860,fr
110402,ru
245916,en
214086,en
273895,en
227306,it
227306,en
227306,ja
15603,en
172391,en
252171,fa
265177,fr
265177,en
228970,en
87093,it
87093,en
87093,fr
207703,en
181533,en
68737,en
64264,ru
297222,hi
244049,ml
198184,en
260346,en
201088,en
201088,it
201088,zh
201088,es
87101,en
288158,en
208763,en
208763,ru
121734,es
121734,en
209901,en
270303,en
31179,en
29996,en
254869,es
76341,en
280092,en
280092,th
140607,en
68735,en
99861,en
166426,en
102899,en
293660,en
283995,en
271110,ro
271110,en
271110,de
271110,ru
246655,en
68351,en
164372,ru
67220,en
28284,en
210860,en
216015,en
272693,en
227719,en
167073,en
232572,en
283235,en
308453,en
308638,en
250124,en
308639,en
72784,en
27873,en
320316,it
273248,es
273248,en
286565,en
252838,en
241251,en
201085,en
243938,en
228165,en
234212,en
268238,en
290764,en
132759,ru
191121,hi
241554,en
265712,ja
265712,th
252512,en
271674,en
271674,fr
271674,de
262500,en
245703,en
266396,es
266396,en
168259,en
277685,en
5896,en
5896,de
257091,en
35428,ru
290864,cn
290864,zh
304357,en
304357,de
159479,ru
269148,ar
269148,fr
269148,en
269148,pt
269148,ru
269148,sr
36696,ru
158852,en
256961,en
282631,ja
282631,ko
228205,en
293863,en
256924,en
256924,it
309304,en
254128,en
249070,en
275601,en
332835,hi
254470,en
258480,en
254320,en
254320,fr
287424,en
171424,en
64483,ru
41703,en
41703,ru
323517,hi
310593,de
310593,es
310593,en
20968,hi
238713,de
238713,en
238713,fr
238713,it
222936,ru
222936,en
161545,it
300168,en
300168,zh
74458,hi
74458,en
188222,en
286521,en
58333,de
58333,hi
131634,en
257344,en
262504,en
259316,en
328111,en
337876,hi
256962,en
238615,en
274854,en
297761,en
19620,hi
47933,en
188927,en
139357,ta
139357,te
79464,cs
79464,en
79464,hi
21950,en
20688,de
117319,hi
117319,ta
117319,te
14194,de
14194,hi
214756,en
211672,en
261023,en
206647,fr
206647,en
206647,es
206647,it
206647,de
321697,en
296099,en
254905,en
21905,hi
209112,en
24686,en
24686,ru
264999,en
316654,hi
203801,it
203801,en
203801,ru
203801,de
286372,en
285783,fr
285783,en
300671,ar
300671,en
273169,fr
273169,pl
85038,it
147868,it
77944,it
51917,it
299245,en
182560,en
336804,tr
189227,ta
348892,hi
348892,ur
256040,ml
256040,te
256040,hi
256040,ta
307081,en
273481,es
273481,en
291270,en
318781,en
318781,es
157544,en
157544,de
264644,en
310131,en
290751,en
283445,en
261392,en
274479,es
274479,en
17935,fr
17935,ru
228066,en
301875,en
273477,en
245168,en
245168,de
301351,en
301351,it
323272,en
306819,en
306819,fr
306819,de
313922,en
283587,en
328589,en
310123,hi
310123,en
287948,en
86868,fr
31359,fr
263472,es
263472,en
81481,ko
303991,en
10317,en
84858,en
84858,hi
84858,mr
336050,fr
336050,de
336050,el
336050,he
336050,hu
336050,pl
336050,ru
336050,sk
336050,yi
325348,en
325348,ru
295964,fr
295964,en
268660,en
268660,kn
268660,ml
257160,ml
38637,ml
38637,ta
159824,en
159824,th
69407,ta
129850,cn
129850,it
129850,zh
141520,ru
304372,en
253414,en
146301,en
266639,en
298382,en
335462,zh
227973,en
41955,ru
114564,mr
56666,hi
56666,ur
312221,en
157827,en
157827,fr
333348,en
362136,hi
253192,ru
31060,tr
368330,hi
368330,mr
341895,ml
341895,ta
285908,fr
300693,en
338930,ml
31525,pa
31525,bn
31525,en
31525,hi
329833,en
259694,en
34421,en
351819,en
274167,en
140300,en
362045,de
362045,hi
201386,nl
58431,en
174751,en
370665,hi
37460,hi
275269,hi
276905,en
323675,en
375290,ar
375290,hi
375290,ml
335778,en
291870,en
364427,ru
300673,en
44566,hi
351072,ur
296096,en
146198,en
205584,en
336808,ca
336808,de
336808,la
336808,pt
336808,es
267860,en
279641,en
318850,en
267193,en
83902,en
83902,hi
365222,cn
365222,en
365222,zh
365222,th
72051,hi
300602,ca
300602,en
300602,es
105254,en
105254,sv
341007,ur
14467,hi
15864,hi
14071,en
14071,hi
111836,te
148265,ta
148265,te
19980,hi
44565,hi
34144,hi
61400,hi
381890,zh
301365,en
37941,ml
37941,ta
20049,ta
31626,te
31629,te
199160,te
320588,en
339984,en
315664,en
302688,en
357706,hi
357706,ta
297806,en
342521,en
375742,pl
336011,en
295699,en
369557,en
290595,en
325133,en
68016,ta
372226,ta
372226,te
377985,hi
303858,en
326423,en
330483,en
333669,en
333669,fr
153518,en
384737,en
188540,ta
300983,ta
76788,ta
330418,ta
247504,ta
69428,ta
69417,ta
69401,ta
69399,ta
69427,ta
69422,ta
69423,ta
302401,en
234004,en
290250,en
270010,ar
270010,en
270010,it
62756,ta
86718,en
86718,ta
380111,ru
332567,en
22315,hi
89868,en
290098,ja
290098,ko
223702,en
334533,eo
334533,en
374475,en
374475,de
374475,ro
337154,en
188183,zh
291805,zh
291805,en
339397,en
347031,en
308531,en
257345,en
58522,it
259693,en
302699,en
377213,bn
377213,hi
393562,hi
258489,en
316023,en
278154,en
328387,en
363676,en
376812,en
376812,hi
372297,hi
372297,ml
15467,hi
325789,en
325789,es
308266,sq
308266,ar
308266,en
308266,ro
351809,es
382322,en
376659,ru
376659,en
338766,en
300669,en
300669,uk
403119,en
376660,en
351339,cs
351339,de
351339,en
337674,fr
105506,ml
396535,ko
368031,en
278924,bg
278924,en
32147,en
270774,en
270774,zh
376867,en
271706,zh
348668,da
393841,te
313297,en
95610,en
283552,en
317557,en
283366,en
369883,pt
369883,en
369883,hu
347126,en
366080,hi
366080,ta
366080,te
402672,hi
368942,en
33714,ru
315011,it
315011,de
315011,en
315011,ja
377273,pt
36046,en
14631,en
32523,en
324786,ja
324786,en
293767,en
351211,en
284564,de
284564,en
284564,es
329865,zh
329865,en
329865,ru
332210,en
377447,ja
377447,en
377447,zh
393559,fr
376565,ru
313369,en
369885,ar
369885,en
369885,fr
369885,de
331313,he
331313,en
335796,en
136799,en
286567,en
402298,en
343611,en
334541,en
338964,en
340402,en
361777,en
361777,fr
361777,es
345920,en
33065,ru
33534,ru
392142,fr
347026,en
299641,en
376866,en
376866,es
365942,en
330459,en
381288,en
346672,en
346672,km
346672,th
346672,uk
376290,en
291328,en
381284,en
393457,en
332979,en
332979,fr
52939,ru
342737,en
342737,es
311324,en
311324,zh
311324,es
310307,en
356305,en
335797,en
413543,hi
121856,en
121856,pt
121856,es
381289,en
360814,hi
195590,de
195590,en
262841,en
370964,ru
47971,en
292280,en
324849,en
383785,en
383785,hi
383785,zh
383785,th
409502,en
396616,no
63996,nl
393519,fr
324552,en
324552,it
419430,en
293167,en
180863,bg
180863,en
397837,en
241258,en
295693,en
173897,en
428449,en
341174,en
425942,es
330947,en
358962,ru
73981,en
73981,hi
340101,en
433356,en
340676,sv
340676,en
340676,fr
345938,en
314095,en
314095,de
314095,pt
314095,es
334521,en
417644,es
417644,en
353569,en
353569,ru
403390,en
56372,ru
137116,ar
137116,en
289222,en
400928,en
368006,ta
417830,en
440642,ru
339846,en
337339,en
260514,en
382614,en
443319,en
333384,en
430263,ru
31059,ru
50530,ru
350312,ta
350312,te
14395,en
14395,hi
397422,en
395452,en
395452,fr
395452,ru
56525,ru
260522,ru
250251,ru
62732,ru
36698,ru
37656,ru
41978,ru
324852,en
333667,en
29361,ru
63838,ru
375867,en
375867,it
52891,pl
52891,ru
100791,ru
293768,en
339964,fr
339964,en
272610,en
272610,ru
66526,ta
326011,ru
8453,hi
8453,it
8453,ur
14570,en
434119,ko
159447,ru
75438,ru
378236,en
395834,en
24049,ta
24049,te
63898,ru
